Workbook
Name _666.lpacal_1: AUTO!$A$1:$B$150
Name _666.lpacal_2: AUTO!$H$1:$I$144
Name LPA1.lpacal_1: AUTO!$A$1:$B$89

Sheet mtd
A1: SRM2806 2.8mg MTD / ml | H1: Interpolation Order
H2: 4 | K2: to 10 micron | M2: to 70 micron
A3: um | B3: n/ml | C3: n/mg/ml | D3: Expanded Uncertainty | F3: ln(n/mg/ml) | H3: um | I3: n/mg/ml | K3: x | L3: y | M3: x | N3: y
A4: 1 | B4: 108400 | C4: =B4/2.8 -> 38714.286 | D4: 0.274 | F4: =LN(C4) -> 10.563964 | H4: 50 | I4: =EXP(interpolate($A$4:$A$93, $F$4:$F$93, $H4,$H$2,FALSE)) -> #NAME? | K4: 1 | L4: =EXP(interpolate($A$4:$A$92, $F$4:$F$92, $K4,$H$2,TRUE)) -> #NAME? | M4: 1 | N4: =EXP(interpolate($A$4:$A$93, $F$4:$F$93, M4,$H$2,TRUE)) -> #NAME?
A5: 2 | B5: 27035 | C5: =B5/2.8 -> 9655.3571 | D5: 0.265 | F5: =LN(C5) -> 9.1752682 | K5: 1.1 | L5: =EXP(interpolate($A$4:$A$92, $F$4:$F$92, $K5,$H$2,TRUE)) -> #NAME? | M5: 2 | N5: =EXP(interpolate($A$4:$A$93, $F$4:$F$93, M5,$H$2,TRUE)) -> #NAME?
A6: 3 | B6: 11209 | C6: =B6/2.8 -> 4003.2143 | D6: 0.272 | F6: =LN(C6) -> 8.2948529 | K6: 1.2 | L6: =EXP(interpolate($A$4:$A$92, $F$4:$F$92, $K6,$H$2,TRUE)) -> #NAME? | M6: 3 | N6: =EXP(interpolate($A$4:$A$93, $F$4:$F$93, M6,$H$2,TRUE)) -> #NAME?
A7: 4 | B7: 6095 | C7: =B7/2.8 -> 2176.7857 | D7: 0.308 | F7: =LN(C7) -> 7.6856046 | K7: 1.3 | L7: =EXP(interpolate($A$4:$A$92, $F$4:$F$92, $K7,$H$2,TRUE)) -> #NAME? | M7: 4 | N7: =EXP(interpolate($A$4:$A$93, $F$4:$F$93, M7,$H$2,TRUE)) -> #NAME?
A8: 5 | B8: 3737 | C8: =B8/2.8 -> 1334.6429 | D8: 0.414 | F8: =LN(C8) -> 7.196419 | H8: n/mg/l | I8: 10000 | K8: 1.4 | L8: =EXP(interpolate($A$4:$A$92, $F$4:$F$92, $K8,$H$2,TRUE)) -> #NAME? | M8: 5 | N8: =EXP(interpolate($A$4:$A$93, $F$4:$F$93, M8,$H$2,TRUE)) -> #NAME?
A9: 6 | B9: 2395 | C9: =B9/2.8 -> 855.35714 | D9: 0.56 | F9: =LN(C9) -> 6.7515191 | H9: ln(n/mg/l) | I9: =LN(I8) -> 9.2103404 | K9: 1.5 | L9: =EXP(interpolate($A$4:$A$92, $F$4:$F$92, $K9,$H$2,TRUE)) -> #NAME? | M9: 6 | N9: =EXP(interpolate($A$4:$A$93, $F$4:$F$93, M9,$H$2,TRUE)) -> #NAME?
A10: 7 | B10: 1573 | C10: =B10/2.8 -> 561.78571 | D10: 0.542 | F10: =LN(C10) -> 6.3311205 | H10: um | I10: =interpolate($F$4:$F$93, $A$4:$A$93, $I9,$H$2,FALSE) -> #NAME? | K10: 1.6 | L10: =EXP(interpolate($A$4:$A$92, $F$4:$F$92, $K10,$H$2,TRUE)) -> #NAME? | M10: 7 | N10: =EXP(interpolate($A$4:$A$93, $F$4:$F$93, M10,$H$2,TRUE)) -> #NAME?
A11: 8 | B11: 1055 | C11: =B11/2.8 -> 376.78571 | D11: 0.499 | F11: =LN(C11) -> 5.9316766 | K11: 1.7 | L11: =EXP(interpolate($A$4:$A$92, $F$4:$F$92, $K11,$H$2,TRUE)) -> #NAME? | M11: 8 | N11: =EXP(interpolate($A$4:$A$93, $F$4:$F$93, M11,$H$2,TRUE)) -> #NAME?
A12: 9 | B12: 725.8 | C12: =B12/2.8 -> 259.21429 | D12: 0.544 | F12: =LN(C12) -> 5.5576551 | K12: 1.8 | L12: =EXP(interpolate($A$4:$A$92, $F$4:$F$92, $K12,$H$2,TRUE)) -> #NAME? | M12: 9 | N12: =EXP(interpolate($A$4:$A$93, $F$4:$F$93, M12,$H$2,TRUE)) -> #NAME?
A13: 10 | B13: 513.7 | C13: =B13/2.8 -> 183.46429 | D13: 0.643 | F13: =LN(C13) -> 5.21202 | K13: 1.9 | L13: =EXP(interpolate($A$4:$A$92, $F$4:$F$92, $K13,$H$2,TRUE)) -> #NAME? | M13: 10 | N13: =EXP(interpolate($A$4:$A$93, $F$4:$F$93, M13,$H$2,TRUE)) -> #NAME?
A14: 11 | B14: 374.6 | C14: =B14/2.8 -> 133.78571 | D14: 0.759 | F14: =LN(C14) -> 4.8962394 | H14: 2 | I14: =mtd($H$14) -> #NAME? | K14: 2 | L14: =EXP(interpolate($A$4:$A$92, $F$4:$F$92, $K14,$H$2,TRUE)) -> #NAME? | M14: 11 | N14: =EXP(interpolate($A$4:$A$93, $F$4:$F$93, M14,$H$2,TRUE)) -> #NAME?
A15: 12 | B15: 281 | C15: =B15/2.8 -> 100.35714 | D15: 0.981 | F15: =LN(C15) -> 4.6087353 | K15: 2.1 | L15: =EXP(interpolate($A$4:$A$92, $F$4:$F$92, $K15,$H$2,TRUE)) -> #NAME? | M15: 12 | N15: =EXP(interpolate($A$4:$A$93, $F$4:$F$93, M15,$H$2,TRUE)) -> #NAME?
A16: 13 | B16: 216.4 | C16: =B16/2.8 -> 77.285714 | D16: 1.273 | F16: =LN(C16) -> 4.3475091 | K16: 2.2 | L16: =EXP(interpolate($A$4:$A$92, $F$4:$F$92, $K16,$H$2,TRUE)) -> #NAME? | M16: 13 | N16: =EXP(interpolate($A$4:$A$93, $F$4:$F$93, M16,$H$2,TRUE)) -> #NAME?
A17: 14 | B17: 170.4 | C17: =B17/2.8 -> 60.857143 | D17: 1.655 | F17: =LN(C17) -> 4.1085292 | H17: =mtd(1.7575) -> #NAME? | K17: 2.3 | L17: =EXP(interpolate($A$4:$A$92, $F$4:$F$92, $K17,$H$2,TRUE)) -> #NAME? | M17: 14 | N17: =EXP(interpolate($A$4:$A$93, $F$4:$F$93, M17,$H$2,TRUE)) -> #NAME?
A18: 15 | B18: 136.8 | C18: =B18/2.8 -> 48.857143 | D18: 2.211 | F18: =LN(C18) -> 3.8889006 | K18: 2.4 | L18: =EXP(interpolate($A$4:$A$92, $F$4:$F$92, $K18,$H$2,TRUE)) -> #NAME? | M18: 15 | N18: =EXP(interpolate($A$4:$A$93, $F$4:$F$93, M18,$H$2,TRUE)) -> #NAME?
A19: 16 | B19: 111.3 | C19: =B19/2.8 -> 39.75 | D19: 2.414 | F19: =LN(C19) -> 3.6826098 | H19: (Testing area only) | K19: 2.5 | L19: =EXP(interpolate($A$4:$A$92, $F$4:$F$92, $K19,$H$2,TRUE)) -> #NAME? | M19: 16 | N19: =EXP(interpolate($A$4:$A$93, $F$4:$F$93, M19,$H$2,TRUE)) -> #NAME?
A20: 17 | B20: 91.33 | C20: =B20/2.8 -> 32.617857 | D20: 2.91 | F20: =LN(C20) -> 3.4848599 | K20: 2.6 | L20: =EXP(interpolate($A$4:$A$92, $F$4:$F$92, $K20,$H$2,TRUE)) -> #NAME? | M20: 17 | N20: =EXP(interpolate($A$4:$A$93, $F$4:$F$93, M20,$H$2,TRUE)) -> #NAME?
A21: 18 | B21: 75.29 | C21: =B21/2.8 -> 26.889286 | D21: 3.444 | F21: =LN(C21) -> 3.2917279 | K21: 2.7 | L21: =EXP(interpolate($A$4:$A$92, $F$4:$F$92, $K21,$H$2,TRUE)) -> #NAME? | M21: 18 | N21: =EXP(interpolate($A$4:$A$93, $F$4:$F$93, M21,$H$2,TRUE)) -> #NAME?
A22: 19 | B22: 62.17 | C22: =B22/2.8 -> 22.203571 | D22: 4.101 | F22: =LN(C22) -> 3.1002532 | I22: = Formulae | K22: 2.8 | L22: =EXP(interpolate($A$4:$A$92, $F$4:$F$92, $K22,$H$2,TRUE)) -> #NAME? | M22: 19 | N22: =EXP(interpolate($A$4:$A$93, $F$4:$F$93, M22,$H$2,TRUE)) -> #NAME?
A23: 20 | B23: 51.35 | C23: =B23/2.8 -> 18.339286 | D23: 5.045 | F23: =LN(C23) -> 2.9090455 | K23: 2.9 | L23: =EXP(interpolate($A$4:$A$92, $F$4:$F$92, $K23,$H$2,TRUE)) -> #NAME? | M23: 20 | N23: =EXP(interpolate($A$4:$A$93, $F$4:$F$93, M23,$H$2,TRUE)) -> #NAME?
A24: 21 | B24: 42.4 | C24: =B24/2.8 -> 15.142857 | D24: 4.976 | F24: =LN(C24) -> 2.7175289 | I24: = Reference Figures | K24: 3 | L24: =EXP(interpolate($A$4:$A$92, $F$4:$F$92, $K24,$H$2,TRUE)) -> #NAME? | M24: 21 | N24: =EXP(interpolate($A$4:$A$93, $F$4:$F$93, M24,$H$2,TRUE)) -> #NAME?
A25: 22 | B25: 35.01 | C25: =B25/2.8 -> 12.503571 | D25: 5.508 | F25: =LN(C25) -> 2.5260143 | K25: 3.1 | L25: =EXP(interpolate($A$4:$A$92, $F$4:$F$92, $K25,$H$2,TRUE)) -> #NAME? | M25: 22 | N25: =EXP(interpolate($A$4:$A$93, $F$4:$F$93, M25,$H$2,TRUE)) -> #NAME?
A26: 23 | B26: 28.95 | C26: =B26/2.8 -> 10.339286 | D26: 5.941 | F26: =LN(C26) -> 2.3359508 | I26: = Manual Input | K26: 3.2 | L26: =EXP(interpolate($A$4:$A$92, $F$4:$F$92, $K26,$H$2,TRUE)) -> #NAME? | M26: 23 | N26: =EXP(interpolate($A$4:$A$93, $F$4:$F$93, M26,$H$2,TRUE)) -> #NAME?
A27: 24 | B27: 23.99 | C27: =B27/2.8 -> 8.5678571 | D27: 6.573 | F27: =LN(C27) -> 2.1480177 | K27: 3.3 | L27: =EXP(interpolate($A$4:$A$92, $F$4:$F$92, $K27,$H$2,TRUE)) -> #NAME? | M27: 24 | N27: =EXP(interpolate($A$4:$A$93, $F$4:$F$93, M27,$H$2,TRUE)) -> #NAME?
A28: 25 | B28: 19.95 | C28: =B28/2.8 -> 7.125 | D28: 6.945 | F28: =LN(C28) -> 1.9636097 | H28: Doc. No: 200.XXX | K28: 3.4 | L28: =EXP(interpolate($A$4:$A$92, $F$4:$F$92, $K28,$H$2,TRUE)) -> #NAME? | M28: 25 | N28: =EXP(interpolate($A$4:$A$93, $F$4:$F$93, M28,$H$2,TRUE)) -> #NAME?
A29: 26 | B29: 16.66 | C29: =B29/2.8 -> 5.95 | D29: 7.261 | F29: =LN(C29) -> 1.7833912 | H29: Sheet 3 | K29: 3.5 | L29: =EXP(interpolate($A$4:$A$92, $F$4:$F$92, $K29,$H$2,TRUE)) -> #NAME? | M29: 26 | N29: =EXP(interpolate($A$4:$A$93, $F$4:$F$93, M29,$H$2,TRUE)) -> #NAME?
A30: 27 | B30: 13.98 | C30: =B30/2.8 -> 4.9928571 | D30: 8.03 | F30: =LN(C30) -> 1.6080083 | H30: DCRXXXX | K30: 3.6 | L30: =EXP(interpolate($A$4:$A$92, $F$4:$F$92, $K30,$H$2,TRUE)) -> #NAME? | M30: 27 | N30: =EXP(interpolate($A$4:$A$93, $F$4:$F$93, M30,$H$2,TRUE)) -> #NAME?
A31: 28 | B31: 11.8 | C31: =B31/2.8 -> 4.2142857 | D31: 8.369 | F31: =LN(C31) -> 1.4384801 | H31: Rev 0 | K31: 3.7 | L31: =EXP(interpolate($A$4:$A$92, $F$4:$F$92, $K31,$H$2,TRUE)) -> #NAME? | M31: 28 | N31: =EXP(interpolate($A$4:$A$93, $F$4:$F$93, M31,$H$2,TRUE)) -> #NAME?
A32: 29 | B32: 10.02 | C32: =B32/2.8 -> 3.5785714 | D32: 8.595 | F32: =LN(C32) -> 1.2749637 | K32: 3.8 | L32: =EXP(interpolate($A$4:$A$92, $F$4:$F$92, $K32,$H$2,TRUE)) -> #NAME? | M32: 29 | N32: =EXP(interpolate($A$4:$A$93, $F$4:$F$93, M32,$H$2,TRUE)) -> #NAME?
A33: 30 | B33: 8.568 | C33: =B33/2.8 -> 3.06 | D33: 9.943 | F33: =LN(C33) -> 1.1184149 | K33: 3.9 | L33: =EXP(interpolate($A$4:$A$92, $F$4:$F$92, $K33,$H$2,TRUE)) -> #NAME? | M33: 30 | N33: =EXP(interpolate($A$4:$A$93, $F$4:$F$93, M33,$H$2,TRUE)) -> #NAME?
A34: 31 | B34: 7.38 | C34: =B34/2.8 -> 2.6357143 | F34: =LN(C34) -> 0.96915422 | K34: 4 | L34: =EXP(interpolate($A$4:$A$92, $F$4:$F$92, $K34,$H$2,TRUE)) -> #NAME? | M34: 31 | N34: =EXP(interpolate($A$4:$A$93, $F$4:$F$93, M34,$H$2,TRUE)) -> #NAME?
A35: 32 | B35: 6.403 | C35: =B35/2.8 -> 2.2867857 | F35: =LN(C35) -> 0.82714721 | K35: 4.1 | L35: =EXP(interpolate($A$4:$A$92, $F$4:$F$92, $K35,$H$2,TRUE)) -> #NAME? | M35: 32 | N35: =EXP(interpolate($A$4:$A$93, $F$4:$F$93, M35,$H$2,TRUE)) -> #NAME?
A36: 33 | B36: 5.594 | C36: =B36/2.8 -> 1.9978571 | F36: =LN(C36) -> 0.69207518 | K36: 4.2 | L36: =EXP(interpolate($A$4:$A$92, $F$4:$F$92, $K36,$H$2,TRUE)) -> #NAME? | M36: 33 | N36: =EXP(interpolate($A$4:$A$93, $F$4:$F$93, M36,$H$2,TRUE)) -> #NAME?
A37: 34 | B37: 4.921 | C37: =B37/2.8 -> 1.7575 | F37: =LN(C37) -> 0.56389234 | K37: 4.3 | L37: =EXP(interpolate($A$4:$A$92, $F$4:$F$92, $K37,$H$2,TRUE)) -> #NAME? | M37: 34 | N37: =EXP(interpolate($A$4:$A$93, $F$4:$F$93, M37,$H$2,TRUE)) -> #NAME?
A38: 35 | B38: 4.356 | C38: =B38/2.8 -> 1.5557143 | F38: =LN(C38) -> 0.44193479 | K38: 4.4 | L38: =EXP(interpolate($A$4:$A$92, $F$4:$F$92, $K38,$H$2,TRUE)) -> #NAME? | M38: 35 | N38: =EXP(interpolate($A$4:$A$93, $F$4:$F$93, M38,$H$2,TRUE)) -> #NAME?
A39: 36 | B39: 3.88 | C39: =B39/2.8 -> 1.3857143 | F39: =LN(C39) -> 0.32621574 | K39: 4.5 | L39: =EXP(interpolate($A$4:$A$92, $F$4:$F$92, $K39,$H$2,TRUE)) -> #NAME? | M39: 36 | N39: =EXP(interpolate($A$4:$A$93, $F$4:$F$93, M39,$H$2,TRUE)) -> #NAME?
A40: 37 | B40: 3.476 | C40: =B40/2.8 -> 1.2414286 | F40: =LN(C40) -> 0.21626279 | K40: 4.6 | L40: =EXP(interpolate($A$4:$A$92, $F$4:$F$92, $K40,$H$2,TRUE)) -> #NAME? | M40: 37 | N40: =EXP(interpolate($A$4:$A$93, $F$4:$F$93, M40,$H$2,TRUE)) -> #NAME?
A41: 38 | B41: 3.131 | C41: =B41/2.8 -> 1.1182143 | F41: =LN(C41) -> 0.11173303 | K41: 4.7 | L41: =EXP(interpolate($A$4:$A$92, $F$4:$F$92, $K41,$H$2,TRUE)) -> #NAME? | M41: 38 | N41: =EXP(interpolate($A$4:$A$93, $F$4:$F$93, M41,$H$2,TRUE)) -> #NAME?
A42: 39 | B42: 2.834 | C42: =B42/2.8 -> 1.0121429 | F42: =LN(C42) -> 0.012069724 | K42: 4.8 | L42: =EXP(interpolate($A$4:$A$92, $F$4:$F$92, $K42,$H$2,TRUE)) -> #NAME? | M42: 39 | N42: =EXP(interpolate($A$4:$A$93, $F$4:$F$93, M42,$H$2,TRUE)) -> #NAME?
A43: 40 | B43: 2.577 | C43: =B43/2.8 -> 0.92035714 | F43: =LN(C43) -> -0.082993486 | K43: 4.9 | L43: =EXP(interpolate($A$4:$A$92, $F$4:$F$92, $K43,$H$2,TRUE)) -> #NAME? | M43: 40 | N43: =EXP(interpolate($A$4:$A$93, $F$4:$F$93, M43,$H$2,TRUE)) -> #NAME?
A44: 41 | B44: 2.354 | C44: =B44/2.8 -> 0.84071429 | F44: =LN(C44) -> -0.17350341 | K44: 5 | L44: =EXP(interpolate($A$4:$A$92, $F$4:$F$92, $K44,$H$2,TRUE)) -> #NAME? | M44: 41 | N44: =EXP(interpolate($A$4:$A$93, $F$4:$F$93, M44,$H$2,TRUE)) -> #NAME?
A45: 42 | B45: 2.159 | C45: =B45/2.8 -> 0.77107143 | F45: =LN(C45) -> -0.25997427 | K45: 5.1 | L45: =EXP(interpolate($A$4:$A$92, $F$4:$F$92, $K45,$H$2,TRUE)) -> #NAME? | M45: 42 | N45: =EXP(interpolate($A$4:$A$93, $F$4:$F$93, M45,$H$2,TRUE)) -> #NAME?
... A53: 50 | B53: 1.209 | C53: =B53/2.8 -> 0.43178571 | F53: =LN(C53) -> -0.83982585 | K53: 5.9 | L53: =EXP(interpolate($A$4:$A$92, $F$4:$F$92, $K53,$H$2,TRUE)) -> #NAME? | M53: 50 | N53: =EXP(interpolate($A$4:$A$93, $F$4:$F$93, M53,$H$2,TRUE)) -> #NAME?
A54: 51 | B54: =C54*2.8 -> 1.12 | C54: 0.4 | D54: MP Values | F54: =LN(C54) -> -0.91629073 | K54: 6 | L54: =EXP(interpolate($A$4:$A$92, $F$4:$F$92, $K54,$H$2,TRUE)) -> #NAME? | M54: 51 | N54: =EXP(interpolate($A$4:$A$93, $F$4:$F$93, M54,$H$2,TRUE)) -> #NAME?
A55: 52 | B55: =C55*2.8 -> 1.064 | C55: 0.38 | D55: MP Values | F55: =LN(C55) -> -0.96758403 | K55: 6.1 | L55: =EXP(interpolate($A$4:$A$92, $F$4:$F$92, $K55,$H$2,TRUE)) -> #NAME? | M55: 52 | N55: =EXP(interpolate($A$4:$A$93, $F$4:$F$93, M55,$H$2,TRUE)) -> #NAME?
A56: 53 | B56: =C56*2.8 -> 1.008 | C56: 0.36 | D56: MP Values | F56: =LN(C56) -> -1.0216512 | K56: 6.2 | L56: =EXP(interpolate($A$4:$A$92, $F$4:$F$92, $K56,$H$2,TRUE)) -> #NAME? | M56: 53 | N56: =EXP(interpolate($A$4:$A$93, $F$4:$F$93, M56,$H$2,TRUE)) -> #NAME?
A57: 54 | B57: =C57*2.8 -> 0.952 | C57: 0.34 | D57: MP Values | F57: =LN(C57) -> -1.0788097 | K57: 6.3 | L57: =EXP(interpolate($A$4:$A$92, $F$4:$F$92, $K57,$H$2,TRUE)) -> #NAME? | M57: 54 | N57: =EXP(interpolate($A$4:$A$93, $F$4:$F$93, M57,$H$2,TRUE)) -> #NAME?
A58: 55 | B58: =C58*2.8 -> 0.896 | C58: 0.32 | D58: MP Values | F58: =LN(C58) -> -1.1394343 | K58: 6.4 | L58: =EXP(interpolate($A$4:$A$92, $F$4:$F$92, $K58,$H$2,TRUE)) -> #NAME? | M58: 55 | N58: =EXP(interpolate($A$4:$A$93, $F$4:$F$93, M58,$H$2,TRUE)) -> #NAME?
A59: 56 | B59: =C59*2.8 -> 0.84 | C59: 0.3 | D59: MP Values | F59: =LN(C59) -> -1.2039728 | K59: 6.5 | L59: =EXP(interpolate($A$4:$A$92, $F$4:$F$92, $K59,$H$2,TRUE)) -> #NAME? | M59: 56 | N59: =EXP(interpolate($A$4:$A$93, $F$4:$F$93, M59,$H$2,TRUE)) -> #NAME?
A60: 57 | B60: =C60*2.8 -> 0.812 | C60: 0.29 | D60: MP Values | F60: =LN(C60) -> -1.2378744 | K60: 6.6 | L60: =EXP(interpolate($A$4:$A$92, $F$4:$F$92, $K60,$H$2,TRUE)) -> #NAME? | M60: 57 | N60: =EXP(interpolate($A$4:$A$93, $F$4:$F$93, M60,$H$2,TRUE)) -> #NAME?
A61: 58 | B61: =C61*2.8 -> 0.756 | C61: 0.27 | D61: MP Values | F61: =LN(C61) -> -1.3093333 | K61: 6.7 | L61: =EXP(interpolate($A$4:$A$92, $F$4:$F$92, $K61,$H$2,TRUE)) -> #NAME? | M61: 58 | N61: =EXP(interpolate($A$4:$A$93, $F$4:$F$93, M61,$H$2,TRUE)) -> #NAME?
A62: 59 | B62: =C62*2.8 -> 0.7 | C62: 0.25 | D62: MP Values | F62: =LN(C62) -> -1.3862944 | K62: 6.8 | L62: =EXP(interpolate($A$4:$A$92, $F$4:$F$92, $K62,$H$2,TRUE)) -> #NAME? | M62: 59 | N62: =EXP(interpolate($A$4:$A$93, $F$4:$F$93, M62,$H$2,TRUE)) -> #NAME?
A63: 60 | B63: =C63*2.8 -> 0.644 | C63: 0.23 | D63: MP Values | F63: =LN(C63) -> -1.469676 | K63: 6.9 | L63: =EXP(interpolate($A$4:$A$92, $F$4:$F$92, $K63,$H$2,TRUE)) -> #NAME? | M63: 60 | N63: =EXP(interpolate($A$4:$A$93, $F$4:$F$93, M63,$H$2,TRUE)) -> #NAME?
A64: 61 | B64: =C64*2.8 -> 0.588 | C64: 0.21 | D64: MP Values | F64: =LN(C64) -> -1.5606477 | K64: 7 | L64: =EXP(interpolate($A$4:$A$92, $F$4:$F$92, $K64,$H$2,TRUE)) -> #NAME? | M64: 61 | N64: =EXP(interpolate($A$4:$A$93, $F$4:$F$93, M64,$H$2,TRUE)) -> #NAME?
A65: 62 | B65: =C65*2.8 -> 0.56 | C65: 0.2 | D65: MP Values | F65: =LN(C65) -> -1.6094379 | K65: 7.1 | L65: =EXP(interpolate($A$4:$A$92, $F$4:$F$92, $K65,$H$2,TRUE)) -> #NAME? | M65: 62 | N65: =EXP(interpolate($A$4:$A$93, $F$4:$F$93, M65,$H$2,TRUE)) -> #NAME?
... A93: 90 | B93: =C93*2.8 -> 0.056 | C93: 0.02 | D93: MP Values | F93: =LN(C93) -> -3.912023 | K93: 9.9 | L93: =EXP(interpolate($A$4:$A$92, $F$4:$F$92, $K93,$H$2,TRUE)) -> #NAME? | M93: 90 | N93: =EXP(interpolate($A$4:$A$93, $F$4:$F$93, M93,$H$2,TRUE)) -> #NAME?

Sheet AUTO
A1: product | B1: LPA3 NAVAIR
A2: LPA SETTINGS
A3: model_name | B3: LPA3 NAVAIR
A4: serial_number | B4: 63010062
A5: option_bits | B5: 1072
A6: x_option_bits | B6: 0
A7: test_reference | B7: LPA3 NAVAIR #63010062 CALIBRATE
A8: threshold0 | B8: 76
A9: threshold1 | B9: 180
A10: threshold2 | B10: 1020
A11: threshold3 | B11: 2204
A12: threshold4 | B12: 3244
A13: threshold5 | B13: 11420
A14: threshold6 | B14: 18008
A15: threshold7 | B15: 30374
A16: effective_slit_width | B16: 60
A17: effective_slit_height | B17: 300
A18: channel_width | B18: 750
A19: divergence_milliradians | B19: 200
... A115: threshold32_31_sz | B115: 70
A116: MEASURED PARAMETERS
A117: verification_count_1_0 | B117: 1443077
A118: verification_count_1_1 | B118: 588111
A119: verification_count_1_2 | B119: 47076
A120: verification_count_1_3 | B120: 12122
A121: verification_count_1_4 | B121: 5515
A122: verification_count_1_5 | B122: 143
A123: verification_count_1_6 | B123: 23
A124: verification_count_1_7 | B124: 11
A125: verification_count_2_0 | B125: 1424740
A126: verification_count_2_1 | B126: 580711
A127: verification_count_2_2 | B127: 45733
A128: verification_count_2_3 | B128: 12357
... A276: reference_count32_31 | B276: 0.0443293
A277: Measured Counter Data
A278: pump_current_sampling | B278: 17
A279: pump_current_emptying | B279: 253
A280: led_level | B280: 10865
A281: no_noise_threshold | B281: 34
A282: CALIBRATION DOCUMENT VALUES
A283: date_ | B283: 46163.5
A284: serial_number_ | B284: 63010062
A285: RIG PARAMETERS
A286: meas_init_level | B286: 0
A287: calc_init_volume | B287: 0
A288: desired_concentration | B288: 16
A289: calc_qty_add | B289: 0
A290: meas_qty_add | B290: 0
A291: meas_final_level | B291: 0
A292: calc_volume | B292: 0
A293: calc_concentration | B293: 16
A294: rig_param_volume_mult | B294: -1
A295: rig_param_volume_constant | B295: 0
A296: rig_param_identifier | B296: 303
A297: rig_cleanliness_count | B297: 0

Sheet Cover Service Sheet
C1: Doc No. 202.041_04 CML4 Service and Calibration Sheet DCR 0678 | R1: -
R2: A. Brown
B3: Op No. | C3: CML4 Cover Sheet | R3: R. Eden
B4: 1 | C4: Product: | D4: SRM2806 2.8mg MTD / ml | F4: W | H4: 0 | J4: M | L4: 0 | N4: 0 | P4: 3 | Q4: SERVICE NOTES: | R4: A. Hayward
B5: =B4+1 -> 2 | C5: Serial No.: | D5: ='Auto-Calibration record'!H15 -> 63010062 | E5: =IF(D5="20","0",IF(D5="PC","00","")) | R5: J. Scarrott | S5: W | T5: P | U5: M | V5: 1 | W5: 0 | X5: 1
A6: FALSE | B6: =B5+1 -> 3 | C6: Customer: | E6: Comments | R6: A. Mustoe | S6: 0 | T6: 0 | U6: N | V6: 0 | X6: 2
A7: FALSE | B7: =B6+1 -> 4 | C7: Online booking by customer | Q7: =IF(A7=TRUE,"Customer completed online booking process","Please note: Where possible, all recalibrations should be booked online at the supplied booking site") -> Please note: Where possible, all recalibrations should be booked online at the supplied booking site | R7: Alex Buckley | T7: T | U7: S | X7: 3
A8: FALSE | B8: =B7+1 -> 5 | C8: Accessories present? | E8: NOTE: Please complete table below | Q8: =IF(A8=TRUE,"Please note: Accessories supplied with product, ensure return of all (see right)","No accessories present to return to end user") -> No accessories present to return to end user | R8: Luke Harding | X8: 4
A9: FALSE | B9: =B8+1 -> 6 | C9: COSHH SUPPLIED? | Q9: =IF(A9<>TRUE,"Relevant COSHH information provided by end user","No COSHH information supplied by end user") -> Relevant COSHH information provided by end user | R9: Scott Mosson
A10: FALSE | B10: =B9+1 -> 7 | C10: Booking Date: | R10: Jamie Soule
A11: FALSE | B11: =B10+1 -> 8 | C11: Service sheet number: | R11: Trevor Whittle
A12: FALSE | B12: =B11+1 -> 9 | C12: Warranty claim | Q12: =IF(A12=TRUE,"Item is considered warranty, requires QC control on NCR","") | R12: John Devereux
A13: FALSE | B13: =B12+1 -> 10 | C13: Date of Last Calibration (NB: CELL WILL SELF FILL) | D13: =D45-365 -> -365
A14: FALSE | B14: =B13+1 -> 11 | C14: If yes to warranty - NCR number(s)
A15: FALSE | B15: =B14+1 -> 12 | C15: SO number:
A16: FALSE | B16: =B15+1 -> 13 | C16: WO number:
A17: FALSE | B17: =B16+1 -> 14 | C17: Estimated Ship Date: | D17: =D10+5 -> 5
A18: FALSE
A19: FALSE | C19: Take this from the service tag if applicable
A20: FALSE | B20: =B17+1 -> 15 | C20: Carry bag | Q20: =IF(A20=TRUE,"Carry bag, ","")
A21: FALSE | B21: =B20+1 -> 16 | C21: Waste bottle | Q21: =IF(A21=TRUE,"Waste bottle, ","")
A22: FALSE | B22: =B21+1 -> 17 | C22: 1500mm pressure hose | Q22: =IF(A22=TRUE,"1500mm pressure hose, ","")
A23: FALSE | B23: =B22+1 -> 18 | C23: 600mm pressure hose | Q23: =IF(A23=TRUE,"600mm pressure hose, ","")
A24: FALSE | B24: =B23+1 -> 19 | C24: 2000mm waste hose | Q24: =IF(A24=TRUE,"Waste hose, ","")
A25: FALSE | B25: =B24+1 -> 20 | C25: Pouches | E25: Qty | Q25: =IF(A25=TRUE,F25&"Pouches, ","")
B26: =B25+1 -> 21 | C26: portable printer
A27: FALSE | B27: =B26+1 -> 22 | C27: USB-Serial converter | Q27: =IF(A27=TRUE,"USB converter, ","")
A28: FALSE | B28: =B27+1 -> 23 | C28: Serial cable | Q28: =IF(A28=TRUE,"serial cable, ","")
A29: FALSE | B29: =B28+1 -> 24 | C29: Power adapter | Q29: =IF(A29=TRUE,"power adapter, ","")
A30: FALSE | C30: Initial checks
A31: TRUE | B31: =B29+1 -> 25 | C31: Date initial inspection started: | E31: Status: | G31: =IF($D$31=$D$10,"ON TIME",IF($D$31>$D$10,"LATE",IF($D$31<$D$10,"EARLY"))) -> ON TIME
A32: TRUE | B32: =B31+1 -> 26 | C32: Initial checked by: | D32: -
A33: FALSE | B33: =B32+1 -> 27 | C33: Acceptible outer case condition? | Q33: =IF(A33=TRUE,"Case was returned in acceptable condition","Exterior damage to case upon receipt") -> Exterior damage to case upon receipt
A34: FALSE | B34: =B33+1 -> 28 | C34: Is there a cap on the INPUT test point? | Q34: =IF(A34=TRUE,"Cap on input test point","No cap on input test point") -> No cap on input test point
A35: FALSE | B35: =B34+1 -> 29 | C35: Is there a cap on the WASTE test point? | Q35: =IF(A35=TRUE,"Cap on waste test point","No cap on waste test point") -> No cap on waste test point
A36: FALSE | B36: =B35+1 -> 30 | C36: Remove old cal cert/paperwork and recycle
A37: FALSE | B37: =B36+1 -> 31 | C37: Check power connector is ok and functions
A38: FALSE | B38: =B37+1 -> 32 | C38: Turn unit on
A39: FALSE | B39: =B38+1 -> 33 | C39: Check screen operates | Q39: =IF(A39=TRUE,"Screen is functional upon receipt","The screen has been damaged and is not functioning correctly") -> The screen has been damaged and is not functioning correctly
A40: FALSE | B40: =B39+1 -> 34 | C40: Check all touch screen tabs operate
A41: FALSE | B41: =B40+1 -> 35 | C41: Download history to USB stick
A42: FALSE | B42: =B41+1 -> 36 | C42: Note current firmware version on screen | Q42: =IF(D42=3.88,"Firmware up-to-date","Firmware was an older version and needed updating") -> Firmware was an older version and needed updating | R42: -
B43: =B42+1 -> 37 | C43: Update firmware to latest live version Note version installed | R43: EN
A44: TRUE | B44: =B43+1 -> 38 | C44: Serial number shown on screen | R44: IT
A45: FALSE | B45: =B44+1 -> 39 | C45: Calibration due date as shown on screen | R45: FR
A46: FALSE | B46: =B45+1 -> 40 | C46: Test simulation setting ON? | R46: DE
A47: FALSE | B47: =B46+1 -> 41 | D47: If simulated test ON, turn OFF | R47: CN
A48: TRUE | B48: =B47+1 -> 42 | C48: Enter test reference
A49: FALSE | B49: =B48+1 -> 43 | C49: Select language set | D49: -
A50: FALSE | B50: =B49+1 -> 44 | C50: Open diagnostics screen
A51: FALSE | B51: =B50+1 -> 45 | C51: Check power parameters, charging current, and rate of discharge
A52: FALSE | B52: =B51+1 -> 46 | C52: Note cycle count
A53: FALSE | B53: =B52+1 -> 47 | C53: Check printer operation and replace roll if necessary:
A54: FALSE | B54: =B53+1 -> 48 | C54: Record the set reporting format | D54: - | R54: -
A55: FALSE | B55: =B54+1 -> 49 | D55: If NOT set to ISO, switch to ISO | R55: ISO 4406:1999
A56: FALSE | B56: =B55+1 -> 50 | C56: Print detailed counts ON? | R56: NAS 1638
A57: FALSE | B57: =B56+1 -> 51 | C57: Print test reference ON? | R57: AS 4059E Table 2
A58: FALSE | B58: =B57+1 -> 52 | C58: Auto print results ON? | R58: AS 4059E Table 1
A59: FALSE | B59: =B58+1 -> 53 | D59: Set auto print to OFF | R59: ISO 11218
A60: FALSE | B60: =B59+1 -> 54 | C60: Print space for notes ON? | R60: AS 4059F Table 2
A61: FALSE | B61: =B60+1 -> 55 | C61: Record test type set | D61: - | R61: AS 4095F Table 1
A62: FALSE | B62: =B61+1 -> 56 | D62: Set test type to Online - Continuous | R62: GBT 14039
A63: FALSE | B63: =B62+1 -> 57 | C63: Flush time (s): | R63: GJB 420 B
B64: =B63+1 -> 58 | C64: Sample Volume (ml):
B65: =B64+1 -> 59 | C65: Wait time (00:00:00):
B66: =B65+1 -> 60 | C66: Repeat (x) Tests:
A67: FALSE | B67: =B66+1 -> 61 | C67: Set to 30s Flush, 100mL sample
A68: FALSE | B68: =B67+1 -> 62 | C68: Stop testing when clean:
A69: FALSE | B69: =B68+1 -> 63 | C69: RH test (if applicable) ON? | R69: -
A70: FALSE | B70: =B69+1 -> 64 | C70: Remove faceplate screws | R70: Online
A71: FALSE | B71: =B70+1 -> 65 | C71: Is the unit free from leaks and/or damage to boards or wiring? | Q71: =IF(#REF!=FALSE,"Unit was dirty or damaged inside and required extra cleaning","Internal condition good") -> #REF! | R71: Online - Continuous
A72: FALSE | B72: =#REF!+1 -> #REF! | C72: Check vent line for fluid | R72: Offline
A73: FALSE | B73: =B72+1 -> #REF! | C73: Check RJ45 cable is current design
A74: FALSE | B74: =#REF!+1 -> #REF! | D74: Set test type to Online | R74: GBT 14039
A75: FALSE | C75: BOTTLE SAMPLER CHECKS/TESTS
A76: FALSE | B76: =B74+1 -> #REF! | D76: Unit flushed with Petroleum Ether (50ml)
A77: FALSE | B77: =#REF!+1 -> #REF! | D77: Does sensor block show signs of leakage? | Q77: =IF(A77=TRUE,"Damage to sensor array assembly found, repair was required","Sensor array assembly passed initial inspection") -> Sensor array assembly passed initial inspection
A78: FALSE | B78: =B77+1 -> #REF! | D78: If Y to a leak, replace with refurb module
A79: FALSE | B79: =B78+1 -> #REF! | D79: Unit flushed with MIL5606 (25ml) | E79: If LEAKING, abandon further checks and repair unit
A80: TRUE | B80: =B79+1 -> #REF! | C80: LED power: | Q80: =IF(D80>13000,"Initial Light source check, output outside of specification FAILED/not checked","Initial light source check, output within specification PASS") -> Initial light source check, output within specification PASS
A81: FALSE | B81: =B80+1 -> #REF! | C81: Electrical noise level: | Q81: =IF(D81<100,"Initial Light source electrical noise output within specification PASS","Initial Laser 1 noise output outside specification FAILED - RETEST at recalibration") -> Initial Light source electrical noise output within specification PASS
A83: TRUE
A89: TRUE | B89: =B88+1 -> 1 | C89: Date initial inspection ended: | D89: -
A90: FALSE | B90: =B89+1 -> 2 | C90: Simplybook.me stage updated to "Ready for Service": | D90: TRUE
A91: FALSE | C91: SERVICE
A92: FALSE | B92: =B90+1 -> 3 | C92: Date restarted: | E92: Status: | G92: =IF(D92=$D$7,"ON TIME",IF(D92>$D$7,"LATE",IF(D92<$D$7,"EARLY"))) -> ON TIME
A93: FALSE | B93: =B92+1 -> 4 | C93: =D15 -> 0 | D93: Sales Order been raised? (D15) | E93: 0 | Q93: =IF(A93=TRUE,"SO received and on system","Awaiting customers purchase order") -> Awaiting customers purchase order
A94: FALSE | B94: =B93+1 -> 5 | C94: =D16 -> 0 | D94: Works Order been raised? (D16) | E94: 0 | Q94: =IF(A94=TRUE,"WO processed, service can be started","Awaiting customers purchase order") -> Awaiting customers purchase order
A95: FALSE | B95: =#REF!+1 -> #REF! | D95: Replaced battery cables (to thick)? | Q95: =IF(A95=TRUE,"Old-design battery terminal cables present, replaced with new","Battery terminal cables of current design") -> Battery terminal cables of current design
A96: FALSE | B96: =B95+1 -> #REF! | D96: Unit cleaned and hoovered? | O96: =IF(A96=TRUE,"Unit cleaned inside and out","")
A97: FALSE | B97: =#REF!+1 -> #REF! | D97: Battery secured in brackets? | E97: IF NO…..REPLACE | Q97: =IF(A97=TRUE,"Battery brackets secure and complete","Battery not secure in brackets, needed to be refurbished") -> Battery not secure in brackets, needed to be refurbished
A98: TRUE | C98: TEST RIG CHECKS/TESTS
A99: =IF(S99>=1, TRUE, FALSE) -> #REF! | B99: =#REF!+1 -> #REF! | R99: =IF(A99=FALSE, TRUE, FALSE) -> #REF! | S99: =D99-#REF! -> #REF!
A100: FALSE | B100: =#REF!+1 -> #REF! | D100: HP Test (5mins Static & Pulse) without leaks? | Q100: =IF(A100=TRUE,"High pressure seal integrity test PASS","High pressure seal integrity test failure, unit requires rework") -> High pressure seal integrity test failure, unit requires rework
A101: FALSE | B101: =B100+1 -> #REF! | D101: Complete service sticker and attach to unit
A102: FALSE | B102: =B101+1 -> #REF! | D102: Test mode set to "Online"
A103: FALSE | B103: =#REF!+1 -> #REF! | C103: Signed: | D103: -
A104: FALSE | B104: =B103+1 -> #REF! | C104: Simplybook.me stage updated to "Service complete":
A105: FALSE | B105: =B104+1 -> #REF! | C105: Date completed: | E105: Status: | G105: =IF(D105=D18,"ON TIME",IF(D105>D18,"LATE",IF(D105<D18,"EARLY"))) -> ON TIME
A106: FALSE | C106: CALIBRATION doc # 214.020
...

Sheet ss
A1: Service Sheet | C1: ='Cover Service Sheet'!E10 -> 0
A3: Outer Case Condition
A4: Caps on test points
A5: Software Version
A6: Serial Number
A7: Calibration due date
A8: Reference
A9: Language
A10: Open Diagnostics screen
A11: Cycle Count
A12: Battery Parameter
A13: Check Printer operation
A15: Remove faceplate screws
... A18: Replace pipework.

Sheet Sheet1
B2: Op No. | C2: LPA3 SERVICE SHEET | P2: M | Q2: M Gibson
P3: N | Q3: L Harding
B4: 16 | C4: Product: | D4: ='Cover Service Sheet'!D4&'Cover Service Sheet'!F4&'Cover Service Sheet'!H4&'Cover Service Sheet'!J4&'Cover Service Sheet'!L4&'Cover Service Sheet'!N4&'Cover Service Sheet'!P4 -> CML4W0M003 | O4: SERVICE NOTES: | P4: S | Q4: T Welch
B5: =B4+1 -> 17 | C5: Serial No.: | D5: ='Cover Service Sheet'!D5 -> 63010062 | E5: ='Cover Service Sheet'!E5&'Cover Service Sheet'!F5 | Q5: J Scarrott
B6: =B5+1 -> 18 | C6: Customer: | D6: 0 | Q6: S Mosson
B7: =B6+1 -> 19 | C7: Booking Date: | D7: 0 | Q7: G Salf
B8: =B7+1 -> 20 | C8: Service number: | D8: 0 | Q8: M Shurmer
A9: FALSE | B9: =B8+1 -> 21 | C9: Warranty claim | D9: =IF(A9=TRUE,"WARRANTY CLAIM","NON WARRANTY") -> NON WARRANTY | O9: =IF(A9=TRUE,"Item is considered warranty, requires QC control on NCR","") | Q9: J Odom
A10: TRUE | B10: =B9+1 -> 22 | C10: if yes to warranty - NCR number(s) | D10: 0 | E10: 0 | Q10: A Mustoe
B11: =B10+1 -> 23 | C11: SO number: | D11: 0
B12: =B11+1 -> 24 | C12: WO number: | D12: 0
B13: =B12+1 -> 25 | C13: Ship Date: | D13: =D7+14 -> 14
C14: INITIAL INSPECTION
B15: =B13+1 -> 26 | C15: Date started: | E15: Status: | G15: =IF(D15=D7,"ON TIME",IF(D15>D7,"LATE",IF(D15<D7,"EARLY"))) -> ON TIME
B16: =B15+1 -> 27 | C16: Time started:
D17: PRE-SERVICE | E17: COMMENTS
A18: FALSE | B18: =B16+1 -> 28 | D18: Are both caps on test points? | O18: =IF(A18=FALSE,"One or more hydraulic caps were missing","Test point cap and waste plug present") -> One or more hydraulic caps were missing
A19: FALSE | B19: =B18+1 -> 29 | D19: In good outer condition? | O19: =IF(A19=FALSE,"Unit was dirty or damaged outside and required extra cleanup","Outer condition good") -> Unit was dirty or damaged outside and required extra cleanup
A20: TRUE | B20: =B19+1 -> 30
A21: FALSE | B21: =B20+1 -> 31 | O21: =IF(A21=TRUE,"Case feet present and operational","quote for case feet repair required") -> quote for case feet repair required
A22: FALSE | B22: =B21+1 -> 32 | D22: Check presence & condition of case latches | O22: =IF(A22=TRUE,"Case latches present and operational","quote for case latch repair required") -> quote for case latch repair required
A23: TRUE | B23: =B22+1 -> 33 | D23: Remove old cal cert/paperwork/calibrated label
A24: FALSE | B24: =B23+1 -> 34 | D24: Remove faceplate screws and keep/store in box
A25: FALSE | B25: =B24+1 -> 35 | D25: Plug in mains and RS232 - chk charge light OK | O25: =IF(A25=TRUE,"Charge circuit checked and verified PASS","")
A26: 4.1 | B26: =B25+1 -> 36 | C26: Turn ON and note Software version: | O26: =IF(D26=A26,"Unit firmware at current release","Free of charge upgrade of unit firmware ") -> Free of charge upgrade of unit firmware
A27: FALSE | B27: =B26+1 -> 37 | D27: Log downloaded succesfully onto USB stick | O27: =IF(A27=FALSE,"Log was not present/corrupted so could not be downloaded","Log download test completed succesfully") -> Log was not present/corrupted so could not be downloaded
B28: =B27+1 -> 38 | C28: Note Test reference:
B29: =B28+1 -> 39 | C29: Open Dignostic screen
B30: =B29+1 -> 40 | C30: on diagnostic screen Note Cycle count:
B31: =B30+1 -> 41 | C31: note reporting format
A32: FALSE | B32: =B31+1 -> 42 | D32: If NOT set to ISO, switch to ISO
B33: =B32+1 -> 43 | C33: Print detailed counts
B34: =B33+1 -> 44 | C34: Print test reference
B35: =B34+1 -> 45 | C35: auto print results
A36: FALSE | B36: =B35+1 -> 46 | D36: Set auto print to OFF
B37: =B36+1 -> 47 | C37: print space for notes
B38: =B37+1 -> 48 | C38: Language
B39: =B38+1 -> 49 | C39: Test type
A40: FALSE | B40: =B39+1 -> 50 | D40: Set to continuous
B41: =B40+1 -> 51 | C41: flush time 30 secs
B42: =B41+1 -> 52 | C42: sample 100ml
B43: =B42+1 -> 53 | C43: wait 2mins
A44: FALSE | B44: =B43+1 -> 54 | D44: Ensure Stop when Clean unticked
B45: =B44+1 -> 55
A46: FALSE | B46: =B45+1 -> 56
B47: =B46+1 -> 57
B48: =B47+1 -> 58
B49: =B48+1 -> 59 | C49: RH test (if applicable)
B50: =B49+1 -> 60
B51: =B50+1 -> 61
B52: =B51+1 -> 62
B53: =B52+1 -> 63
A54: FALSE | B54: =B53+1 -> 64 | C54: =D28 -> 0 | O54: =IF(A54=TRUE,"Keypad function tested PASS","Keypad function faulty,FAILED") -> Keypad function faulty,FAILED
A55: FALSE | B55: =B54+1 -> 65
A56: FALSE | B56: =B55+1 -> 66 | D56: check printer light is on, print last test | O56: =IF(A56=FALSE,"Printer Faulty, required quote and replace","Printer operation PASS") -> Printer Faulty, required quote and replace
A57: FALSE | B57: =B56+1 -> 67
A58: FALSE | B58: =B57+1 -> 68
A59: FALSE | B59: =B58+1 -> 69
A60: FALSE | B60: =B59+1 -> 70 | C60: =D5&E5 -> 63010062 | D60: Serial no. set correctly
A61: FALSE | B61: =B60+1 -> 71
B62: =B61+1 -> 72
B63: =B62+1 -> 73
A64: FALSE | B64: =B63+1 -> 74 | O64: =IF(A64=TRUE,"Processor performance checked and verified PASS","")
A65: FALSE | B65: =B64+1 -> 75
B66: =B65+1 -> 76 | C66: Note Contrast No.
A67: FALSE | B67: =B66+1 -> 77 | D67: Simulated test set to OFF
A68: FALSE | B68: =B67+1 -> 78 | D68: Low battery voltage set to 595
A69: FALSE | B69: =B68+1 -> 79 | D69: Open unit and check condition inside? | O69: =IF(A69=FALSE,"Unit was dirty or damaged inside and required extra cleaning","Internal condition good") -> Unit was dirty or damaged inside and required extra cleaning
C70: BOTTLE SAMPLER CHECKS/TESTS
A71: FALSE | B71: =B69+1 -> 80 | D71: Unit flushed with IPA (50ml) | O71: =IF(A71=FALSE,"Initial purge test FAIL","Initial purge test PASS") -> Initial purge test FAIL
A72: FALSE | B72: =B71+1 -> 81 | D72: Does pump unit show signs of leakage | O72: =IF(A72=TRUE,"Damage to pump assembly found, Service Quote Required","Pump unit passed initial inspection") -> Pump unit passed initial inspection
A73: FALSE | B73: =B72+1 -> 82 | D73: If Y to pump leak, Warranty claim? | O73: =IF(A73=TRUE,"Pump module repaired under warranty","")
A74: FALSE | B74: =B73+1 -> 83 | D74: If Y to warranty, replace with refurb module
B75: =B74+1 -> 84 | C75: Pump Refurb required | E75: M | F75: N | H75: N | I75: N | K75: S | L75: N
A76: FALSE | B76: =B75+1 -> 85 | D76: Unit flushed with MIL5606 (25ml) | E76: If LEAKING, abandon further checks | O76: =IF(A76=FALSE,"Secondary purge test FAIL/not completed","Secondary purge test PASS") -> Secondary purge test FAIL/not completed
A77: 2000 | B77: =B76+1 -> 86 | O77: =IF(D77<550,"Initial Laser 1 check, output outside of specification FAILED/not checked","Initial Laser 1 check, output within specification PASS") -> Initial Laser 1 check, output outside of specification FAILED/not checked
A78: 2400 | B78: =B77+1 -> 87 | O78: =IF(D78<800,"Initial Laser 2 check, output outside of specification FAILED/not checked","Initial Laser 2 output within specification PASS") -> Initial Laser 2 check, output outside of specification FAILED/not checked
B79: =B78+1 -> 88 | O79: =IF(D79<1500,"Initial Laser 1 electrical noise output within specification PASS","Initial Laser 1 electrical noise output outside specification FAILED - RETEST at calibration") -> Initial Laser 1 electrical noise output within specification PASS
B80: =B79+1 -> 89 | O80: =IF(D80<1500,"Initial Laser 2 electrical noise output within specification PASS","Initial Laser 2 noise output outside specification FAILED - RETEST at recalibration") -> Initial Laser 2 electrical noise output within specification PASS
C81: TEST RIG CHECKS/TESTS
A82: FALSE | B82: =B80+1 -> 90 | D82: Perform Initial NV test on test rig - OK | K82: bar | O82: =IF(A82=FALSE,"Pressure reducing valve initial check FAIL/not checked","Pressure reducing valve initial check PASS") -> Pressure reducing valve initial check FAIL/not checked
A83: FALSE | B83: =B82+1 -> 91 | D83: Test run for piston rod rotation - OK | O83: =IF(A83=TRUE,"Piston pump function test PASS","Piston pump function test FAIL/not checked, Service Quote Required") -> Piston pump function test FAIL/not checked, Service Quote Required
A84: FALSE | B84: =B83+1 -> 92 | D84: Is Service Quote Required for any items? | E84: ADVISE SALES OFFICE IF NECESSARY | O84: =IF(A84=TRUE,"SERVICE QUOTE SIGN OFF REQUIRED FROM END USER TO PROGRESS SERVICE","Initial inspection PASS, moved to Service") -> Initial inspection PASS, moved to Service
A85: FALSE | B85: =B84+1 -> 93 | D85: SQ sent to Sales Office | E85: Date SQ request sent: | O85: =IF(A85=TRUE,"Customer advised of additional work required for approval","")
A86: FALSE | B86: =B85+1 -> 94 | D86: Is Sales Order Required? | E86: ADVISE SALES OFFICE IF NECESSARY | O86: =IF(A86=TRUE,"SALES ORDER WAS REQUIRED TO PROGRESS SERVICE","Initial inspection PASS, moved to Service") -> Initial inspection PASS, moved to Service
A87: FALSE | B87: =B86+1 -> 95 | D87: SO request made to Sales Office | E87: Date SO request sent: | O87: =IF(A87=TRUE,"Customer advised of order requirement","Sales Order raised, passed to Service") -> Sales Order raised, passed to Service
B88: =B87+1 -> 96 | C88: Date Initial Inspection ended:
B89: =B88+1 -> 97 | C89: Time Initial Inspection ended: | E89: Total time taken: | I89: =D89-D16 -> 0
C90: SERVICE
B91: =B89+1 -> 98 | C91: Date restarted: | E91: Status: | G91: =IF(D91=$D$7,"ON TIME",IF(D91>$D$7,"LATE",IF(D91<$D$7,"EARLY"))) -> ON TIME
B92: =B91+1 -> 99 | C92: Time restarted:
A93: FALSE | B93: =B92+1 -> 100 | D93: Has a Sales Order been raised? | E93: 0 | O93: =IF(A93=TRUE,"SO received and on system","Awaiting customers purchase order") -> Awaiting customers purchase order
A94: FALSE | B94: =B93+1 -> 101 | D94: Has a Works Order been raised? | E94: 0 | O94: =IF(A94=TRUE,"WO processed, service can be started","Awaiting customers purchase order") -> Awaiting customers purchase order
A95: FALSE | B95: =B94+1 -> 102 | D95: Does unit have white or black pump | O95: if fitted with black pump new white pump to be fitted FOC
B96: =B95+1 -> 103 | C96: White pump required? | E96: =E75 -> M | F96: =F75 -> N | H96: N | I96: =I75 -> N | K96: S | L96: =L75 -> N
A97: FALSE | B97: =B96+1 -> 104 | K97: bar | O97: =IF(A97=TRUE,"Pressure reducing valve value logged PASS","")
A98: FALSE | B98: =B97+1 -> 105 | O98: =IF(A98=TRUE,"Piston pump function test PASS","")
B99: =B98+1 -> 106 | C99: Line laser power: | O99: =IF(D99<550,"Laser 1 output outside of specification FAILED","Laser 1 output within specification PASS") -> Laser 1 output outside of specification FAILED
B100: =B99+1 -> 107 | C100: Spot laser power: | O100: =IF(D100<800,"Laser 2 output outside of specification FAILED","Laser 2 output within specification PASS") -> Laser 2 output outside of specification FAILED
B101: =B100+1 -> 108 | C101: Line Noise: | O101: =IF(D101<1500,"Laser 1 NOISE output within specification PASS","Laser 1 NOISE output outside specification FAILED") -> Laser 1 NOISE output within specification PASS
...

Sheet DO NOT USE post cal
A1: Post Calibration Checks
A3: Part Number | H3: ='MP Calibration Certificate'!D17 -> 5.6mg/l RM8631b
A4: Serial Number | H4: ='MP Calibration Certificate'!D18 -> 63010062
A5: Customer | H5: ='Cover Service Sheet'!D6 -> 0
A6: Sales Order | H6: ='Cover Service Sheet'!D15 -> 0
A7: Works Order | H7: ='Cover Service Sheet'!D16 -> 0
A9: Op Number
A10: 1 | B10: Print 2 Calibration Certificates
A11: =A10+1 -> 2 | B11: LPA3 Calibration sheet 202.038 updated
A12: =A11+1 -> 3 | B12: Note LPA3 Firmware
A13: =A12+1 -> 4 | B13: Check Label is fitted and details correct
B14: ON LPA VIEW
B15: User Settings
A16: =A13+1 -> 5 | B16: Test number to 1
A17: =A16+1 -> 6 | B17: Format set to ISO4406
A18: =A17+1 -> 7 | B18: If W option fitted, box is available to tick
A19: =A18+1 -> 8 | B19: W option not selected
A20: =A19+1 -> 9 | B20: Simulated test box not ticked
A21: =A20+1 -> 10 | B21: Test Type: Normal
A22: =A21+1 -> 11 | B22: Flush time: 30s
A23: =A22+1 -> 12 | B23: Sample volume: 100ml
A24: =A23+1 -> 13 | B24: Identification: LPA3 - S/N - Firmware
A25: =A24+1 -> 14 | B25: Set Current Time
A26: =A25+1 -> 15 | B26: Calibrated - current date
A27: =A26+1 -> 16 | B27: Calibration Due | H27: =H26+365 -> 365
B28: System Settings
A29: =A27+1 -> 17 | B29: Check Thresholds are programmed on unit | I29: 4 | J29: 6 | K29: 14 | L29: 21 | M29: 25 | N29: 38 | O29: 50 | P29: 70
A30: =A29+1 -> 18 | B30: Check Thresholds are noted on calibration certificate | I30: =AUTO!B3 -> LPA3 NAVAIR | J30: =AUTO!B4 -> 63010062 | K30: =AUTO!B5 -> 1072 | L30: =AUTO!B6 -> 0 | M30: =AUTO!B7 -> LPA3 NAVAIR #63010062 CALIBRATE | N30: =AUTO!B8 -> 76 | O30: =AUTO!B9 -> 180 | P30: =AUTO!B10 -> 1020
B31: Sensing Volume Parameters
A32: =A30+1 -> 19 | B32: Effective Slit Width - 68
A33: =A32+1 -> 20 | B33: Effective Slit Height - 160
A34: =A33+1 -> 21 | B34: Effective Channel Dept - 400
A35: =A34+1 -> 22 | B35: Bean Divergence - 0
B36: Test Cycle Control
A37: =A35+1 -> 23 | B37: Sampling Flow Rate ml/min - 100
A38: =A37+1 -> 24 | B38: Emptying Flow Rate - 100ml
A39: =A38+1 -> 25 | B39: Sample volume - 100ml
A40: =A39+1 -> 26 | B40: Auto Flush - 30 secs
B41: Experimental
A42: =A40+1 -> 27 | B42: Bubble Mitigation not ticked
A43: =A42+1 -> 28 | B43: Serial Number as shown
A44: =A43+1 -> 29 | B44: Test number set to 1
A45: =A44+1 -> 30 | B45: Test Ref - CERTIFIED for new build. As received for service | I45: ='Cover Service Sheet'!D49 -> -
A46: =A45+1 -> 31 | B46: Check time is correct
A47: =A46+1 -> 32 | B47: Note Cal Initial LED level
A48: =A47+1 -> 33 | B48: Note: Last LED level %
A49: =A48+1 -> 34 | B49: Note: Alarm LED level %
B50: Hardware Configuration
A51: =A49+1 -> 35 | B51: Pressure Switch not ticked
A52: =A51+1 -> 36 | B52: If W option fitted, box is ticked
A53: =A52+1 -> 37 | B53: T Mode not ticked
A54: =A53+1 -> 38 | B54: If Printer is fitted box is ticked
B55: Physical checks on unit
B56: Diagnostics Page
A57: =A54+1 -> 39 | B57: Use Presure Switch - not ticked
A58: =A57+1 -> 40 | B58: Use RH Sensor - Ticked (if applicable)
A59: =A58+1 -> 41 | B59: Check RH sensor values are seen (if applicable)
A60: =A59+1 -> 42 | B60: Clear Battery Parameters
A61: =A60+1 -> 43 | B61: Clear Counter Parameters (New Build Only)
B62: Home page settings
A63: =A61 -> 43 | B63: Result Format reads ISO4406
A64: =A63+1 -> 44 | B64: Test Type - Normal
A65: =A64+1 -> 45 | B65: Flush set to 30s
A66: =A65+1 -> 46 | B66: Sample Volume set to 100ml
A67: =A66+1 -> 47 | B67: Flush set to 30s
A68: =A67+1 -> 48 | B68: Green tick on Water Content (RH) (if applicable)
A69: =A68+1 -> 49 | B69: No Tick in Simulation Box
A70: =A69+1 -> 50 | B70: Green tick on Diagnostics
A71: =A70+1 -> 51 | B71: Language set to EN new build. As received for service | I71: ='Cover Service Sheet'!D50 -> 0
B72: Printer Options
A73: =A71+1 -> 52 | B73: Print Detailed Counts ON
A74: =A73+1 -> 53 | B74: Print Test Reference ON
A75: =A74+1 -> 54 | B75: Print Automatically ON
A76: =A75+1 -> 55 | B76: Add Space for Notes OFF
B77: Final Tests
A78: =A76+1 -> 56 | B78: Run one Normal Test. Note values below
A79: =A78+1 -> 57 | B79: ISO4406
A80: =A79+1 -> 58 | B80: RH% (if applicable)
A81: =A80+1 -> 59 | B81: Temp C (if applicable)
A82: =A81+1 -> 60 | B82: Printer operation
A83: =A82+1 -> 61 | B83: Test USB Download
B84: Settings Page
A85: =A83+1 -> 62 | B85: Delete Log (new units only)
A86: =A85+1 -> 63 | B86: Print Automatically OFF
A87: =A86+1 -> 64 | B87: Red Cross on Water Content
A88: =A87+1 -> 65 | B88: Red Cross on Diagnostics
A89: =A88+1 -> 66 | B89: Turn oil flow off rig
A90: =A89+1 -> 67 | B90: Operate flush valve for 10 seconds
A91: =A90+1 -> 68 | B91: Switch Unit Off and remove mains lead
A92: =A91+1 -> 69 | B92: Turn unit on to check battery operation
A93: =A92+1 -> 70 | B93: Switch Unit Off
B94: Final Fix
A95: =A93+1 -> 71 | B95: Fit 10 x M4 washers and bolts for faceplates
A97: =A95+1 -> 72 | B97: Checks Carried out by
A98: =A97+1 -> 73 | B98: Date
B100: Pass unit to Logistics : LPA3 Packing Check List - New Build ONLY
B101: Pack of 5 paper rolls in lid organiser (63.08300)
B102: 1 x USB A-B cable in lid organiser (11.081)
B103: 1 x USB stick in lid organiser (13.055001)
B104: 1 x Fluid Handbook in lid organiser (200.059)
...

Sheet Auto-Calibration record
B3: Pump | C3: Units
G4: Contamination Monitoring Product Calibration Record - CML4/CML3
B5: =VLOOKUP("pump_flow_emptying_ml_min",AUTO!$A$1:$B$1051,2,FALSE) -> 150 | C5: ml/min | D5: Pump Flow Emptying
B6: =VLOOKUP("pump_target_flow_ml_min",AUTO!$A$1:$B$1051,2,FALSE) -> 30 | C6: ml/min | D6: Pump Flow Sampling
B7: =VLOOKUP("pump_current_sampling",AUTO!$A$1:$B$1051,2,FALSE) -> 17 | C7: mA | D7: Pump current when sampling (mA)
B8: =VLOOKUP("pump_current_emptying",AUTO!$A$1:$B$1051,2,FALSE) -> 253 | C8: mA | D8: Pump current when emptying (mA) | H8: = Key detail | L8: Doc. No: 200.041
L9: Sheet 1
B10: LED | C10: Units | H10: = Locked cells | L10: DCRXXXX
B11: =VLOOKUP("no_noise_threshold",AUTO!$A$1:$B$1051,2,FALSE) -> 34 | C11: - | D11: Sensor "no noise" threshold | L11: Rev XXX
B12: =VLOOKUP("sample_volume_ml",AUTO!$A$1:$B$1051,2,FALSE) -> 40 | C12: ml | D12: Sample Volume | H12: = Manual Input
B14: =VLOOKUP("led_level",AUTO!$A$1:$B$1051,2,FALSE) -> 10865 | C14: nA | D14: Photocurrent | G14: CMP type | H14: 5.6mg/l RM8631b
G15: Serial Number | H15: =VLOOKUP("serial_number_",AUTO!$A$1:$B$1051,2,FALSE) -> 63010062
G16: Date | H16: =VLOOKUP("date_",AUTO!$A$1:$B$1051,2,FALSE) -> 46163.5
G17: Cert No. | H17: =H15&" "&TEXT(H16,"ddmmyy") -> 63010062 210526
G18: RM Batch | H18: RM8631b
G19: Test Rig No. | H19: =VLOOKUP("rig_param_identifier",AUTO!$A$1:$B$1051,2,FALSE) -> 303
G21: No noise count/100ml (must not exceed 500/100ml) | H21: =VLOOKUP("rig_cleanliness_count",AUTO!$A$1:$B$1051,2,FALSE) -> 0
B22: Calibration Rig | C22: Units
B23: =VLOOKUP("meas_init_level",AUTO!A13:B1063,2,FALSE) -> 0 | C23: mm | D23: Initial Fluid Distance
B24: =VLOOKUP("calc_init_volume",AUTO!$A$1:$B$1051,2,FALSE) -> 0 | C24: L | D24: Calculated Initial Fluid Volume
B25: =VLOOKUP("desired_concentration",AUTO!$A$1:$B$1051,2,FALSE) -> 16 | C25: mg/L | D25: Desired concentration
B26: =VLOOKUP("calc_qty_add",AUTO!$A$1:$B$1051,2,FALSE) -> 0 | C26: mg | D26: Required Qty of MTD to add | G26: Calibrated by | H26: John Devereux
B27: =VLOOKUP("meas_qty_add",AUTO!$A$1:$B$1051,2,FALSE) -> 0 | C27: mg | D27: Actual qty MTD added | G27: Chkd/verified by
B28: =VLOOKUP("meas_final_level",AUTO!$A$1:$B$1051,2,FALSE) -> 0 | C28: mm | D28: Final Fluid Level
B29: =VLOOKUP("calc_volume",AUTO!$A$1:$B$1051,2,FALSE) -> 0 | C29: L | D29: Calculated Final Fluid Volume
B30: =VLOOKUP("calc_concentration",AUTO!$A$1:$B$1051,2,FALSE) -> 16 | C30: mg/L | D30: Calculated final concentration
B63: Final Recommended Threshold Settings
B64: 4 | C64: 6 | D64: 14 | E64: 21 | F64: 25 | G64: 38 | H64: 50 | I64: 70 | J64: Particle Size Required (µm)
B65: =VLOOKUP("threshold0",AUTO!$A$1:$B$1051,2,FALSE) -> 76 | C65: =VLOOKUP("threshold1",AUTO!$A$1:$B$1051,2,FALSE) -> 180 | D65: =VLOOKUP("threshold2",AUTO!$A$1:$B$1051,2,FALSE) -> 1020 | E65: =VLOOKUP("threshold3",AUTO!$A$1:$B$1051,2,FALSE) -> 2204 | F65: =VLOOKUP("threshold4",AUTO!$A$1:$B$1051,2,FALSE) -> 3244 | G65: =VLOOKUP("threshold5",AUTO!$A$1:$B$1051,2,FALSE) -> 11420 | H65: =VLOOKUP("threshold6",AUTO!$A$1:$B$1051,2,FALSE) -> 18008 | I65: =VLOOKUP("threshold7",AUTO!$A$1:$B$1051,2,FALSE) -> 30374 | J65: Combined Thresholds
A67: Test result | B67: Target | C67: 1 | D67: % Deviation 1 | E67: 2 | F67: % Deviation 2 | G67: 3 | H67: % Deviation 3 | I67: Average value
A68: 4 | B68: =VLOOKUP("reference_count_0",AUTO!$A$1:$B$1051,2,FALSE) -> 1415270 | C68: =VLOOKUP("verification_count_1_0",AUTO!$A$1:$B$1051,2,FALSE) -> 1443077 | D68: =(C68-B68)/B68 -> 0.019647841 | E68: =VLOOKUP("verification_count_2_0",AUTO!$A$1:$B$1051,2,FALSE) -> 1424740 | F68: =(E68-B68)/B68 -> 0.0066913027 | G68: =VLOOKUP("verification_count_3_0",AUTO!$A$1:$B$1051,2,FALSE) -> 1420326 | H68: =(G68-B68)/B68 -> 0.0035724632 | I68: =(C68+E68+G68)/3 -> 1429381 | J68: =(I68-$B68)/$B68 -> 0.0099705357
A69: 6 | B69: =VLOOKUP("reference_count_1",AUTO!$A$1:$B$1051,2,FALSE) -> 580231 | C69: =VLOOKUP("verification_count_1_1",AUTO!$A$1:$B$1051,2,FALSE) -> 588111 | D69: =(C69-B69)/B69 -> 0.013580798 | E69: =VLOOKUP("verification_count_2_1",AUTO!$A$1:$B$1051,2,FALSE) -> 580711 | F69: =(E69-B69)/B69 -> 0.00082725673 | G69: =VLOOKUP("verification_count_3_1",AUTO!$A$1:$B$1051,2,FALSE) -> 578927 | H69: =(G69-B69)/B69 -> -0.0022473808 | I69: =(C69+E69+G69)/3 -> 582583 | J69: =(I69-$B69)/$B69 -> 0.004053558
A70: 10 | B70: =VLOOKUP("reference_count32_6",AUTO!$A$1:$B$1051,2,FALSE)*100 -> 136892 | C70: =VLOOKUP("verification_count32_1_6",AUTO!$A$1:$B$1051,2,FALSE)*100 -> 137567 | D70: =(C70-B70)/B70 -> 0.0049308944 | E70: =VLOOKUP("verification_count32_2_6",AUTO!$A$1:$B$1051,2,FALSE)*100 -> 135762 | F70: =(E70-B70)/B70 -> -0.0082546825 | G70: =VLOOKUP("verification_count32_3_6",AUTO!$A$1:$B$1051,2,FALSE)*100 -> 135400 | H70: =(G70-B70)/B70 -> -0.010899103 | I70: =(C70+E70+G70)/3 -> 136243 | J70: =(I70-$B70)/$B70 -> -0.0047409637
A71: 14 | B71: =VLOOKUP("reference_count_2",AUTO!$A$1:$B$1051,2,FALSE) -> 45814.7 | C71: =VLOOKUP("verification_count_1_2",AUTO!$A$1:$B$1051,2,FALSE) -> 47076 | D71: =(C71-B71)/B71 -> 0.027530465 | E71: =VLOOKUP("verification_count_2_2",AUTO!$A$1:$B$1051,2,FALSE) -> 45733 | F71: =(E71-B71)/B71 -> -0.0017832704 | G71: =VLOOKUP("verification_count_3_2",AUTO!$A$1:$B$1051,2,FALSE) -> 46206 | H71: =(G71-B71)/B71 -> 0.0085409268 | I71: =(C71+E71+G71)/3 -> 46338.333 | J71: =(I71-$B71)/$B71 -> 0.011429374
A72: 21 | B72: =VLOOKUP("reference_count_3",AUTO!$A$1:$B$1051,2,FALSE) -> 11873.6 | C72: =VLOOKUP("verification_count_1_3",AUTO!$A$1:$B$1051,2,FALSE) -> 12122 | D72: =(C72-B72)/B72 -> 0.020920361 | E72: =VLOOKUP("verification_count_2_3",AUTO!$A$1:$B$1051,2,FALSE) -> 12357 | F72: =(E72-B72)/B72 -> 0.040712168 | G72: =VLOOKUP("verification_count_3_3",AUTO!$A$1:$B$1051,2,FALSE) -> 12094 | H72: =(G72-B72)/B72 -> 0.018562188 | I72: =(C72+E72+G72)/3 -> 12191 | J72: =(I72-$B72)/$B72 -> 0.026731573
A73: 25 | B73: =VLOOKUP("reference_count_4",AUTO!$A$1:$B$1051,2,FALSE) -> 5545.63 | C73: =VLOOKUP("verification_count_1_4",AUTO!$A$1:$B$1051,2,FALSE) -> 5515 | D73: =(C73-B73)/B73 -> -0.0055232679 | E73: =VLOOKUP("verification_count_2_4",AUTO!$A$1:$B$1051,2,FALSE) -> 5636 | F73: =(E73-B73)/B73 -> 0.016295714 | G73: =VLOOKUP("verification_count_3_4",AUTO!$A$1:$B$1051,2,FALSE) -> 5600 | H73: =(G73-B73)/B73 -> 0.009804116 | I73: =(C73+E73+G73)/3 -> 5583.6667 | J73: =(I73-$B73)/$B73 -> 0.006858854
A74: 38 | B74: =VLOOKUP("reference_count_5",AUTO!$A$1:$B$1051,2,FALSE) -> 184.087 | C74: =VLOOKUP("verification_count_1_5",AUTO!$A$1:$B$1051,2,FALSE) -> 143 | D74: =(C74-B74)/B74 -> -0.22319338 | E74: =VLOOKUP("verification_count_2_5",AUTO!$A$1:$B$1051,2,FALSE) -> 179 | F74: =(E74-B74)/B74 -> -0.027633673 | G74: =VLOOKUP("verification_count_3_5",AUTO!$A$1:$B$1051,2,FALSE) -> 185 | H74: =(G74-B74)/B74 -> 0.0049596115 | I74: =(C74+E74+G74)/3 -> 169 | J74: =(I74-$B74)/$B74 -> -0.081955814
A75: 50 | B75: =VLOOKUP("reference_count_6",AUTO!$A$1:$B$1051,2,FALSE) -> 34.5164 | C75: =VLOOKUP("verification_count_1_6",AUTO!$A$1:$B$1051,2,FALSE) -> 23 | D75: =(C75-B75)/B75 -> -0.33365009 | E75: =VLOOKUP("verification_count_2_6",AUTO!$A$1:$B$1051,2,FALSE) -> 23 | F75: =(E75-B75)/B75 -> -0.33365009 | G75: =VLOOKUP("verification_count_3_6",AUTO!$A$1:$B$1051,2,FALSE) -> 59 | H75: =(G75-B75)/B75 -> 0.70933238 | I75: =(C75+E75+G75)/3 -> 35 | J75: =(I75-$B75)/$B75 -> 0.014010731
A76: 70 | B76: =VLOOKUP("reference_count_7",AUTO!$A$1:$B$1051,2,FALSE) -> 4.43293 | C76: =VLOOKUP("verification_count_1_7",AUTO!$A$1:$B$1051,2,FALSE) -> 11 | D76: =(C76-B76)/B76 -> 1.4814288 | E76: =VLOOKUP("verification_count_2_7",AUTO!$A$1:$B$1051,2,FALSE) -> 5 | F76: =(E76-B76)/B76 -> 0.12792216 | G76: =VLOOKUP("verification_count_3_7",AUTO!$A$1:$B$1051,2,FALSE) -> 0 | H76: =(G76-B76)/B76 -> -1 | I76: =(C76+E76+G76)/3 -> 5.3333333 | J76: =(I76-$B76)/$B76 -> 0.20311698

Sheet MP Calibration Certificate
B2: MP Filtri UK Ltd
B3: Keep House, Conference Way, Vale Park,
B4: Evesham
B5: England
B6: WR11 1LB
B7: Tel: +44 (0) 1386 258500
B8: www.mpfiltri.co.uk
B10: CERTIFICATE OF CALIBRATION
B13: WE HEREBY CERTIFY THAT THE CONTAMINATION MONITORING PRODUCT DETAILED BELOW HAS BEEN FULLY CALIBRATED WITH ISO MEDIUM TEST DUST (MTD) BASED ON ISO 11171:2020 ON TEST EQUIPMENT CERTIFIED TO ISO 11943 BY I.F.T.S {Institut de la Filtration et des Techniques Séparatives}.
B14: We hereby confirm that the above mentioned measuring system was calibrated according to DIN ISO 9001, under the observation of a certified quality assurance system. The measuring installation used for calibration are regularly calibrated to national standards by I.F.T.S. Should no national standards exist, the measuring procedure corresponds with the technical regulations and norms valid at the time of the measurement
B17: PRODUCT TYPE | D17: ='Auto-Calibration record'!H14 -> 5.6mg/l RM8631b | K17: REFERENCE MATERIAL BATCH NUMBER | O17: ='Auto-Calibration record'!H18 -> RM8631b
B18: SERIAL NUMBER | D18: ='Auto-Calibration record'!H15 -> 63010062 | K18: DATE OF CALIBRATION | O18: ='Auto-Calibration record'!H16 -> 46163.5
B19: CERTIFICATE NUMBER | D19: ='Auto-Calibration record'!H17 -> 63010062 210526 | K19: CALIBRATION RIG NUMBER | O19: ='Auto-Calibration record'!H19 -> 303
B21: PARTICLE COUNT LIMITS AT 16mg/L CONCENTRATION
B22: (Suspension of ISO MTD in MIL-H-5606)
B23: No. particles reported per 100ml volume
D26: Particle Size | F26: Calibration Pulse Height | H26: Target Particle Count | J26: Actual Particle Count | K26: Deviation | L26: % Deviation (+/- 10%)
D27: [microns (c)] | F27: [mV] | H27: [n] | J27: [n] | K27: [n] | L27: [%]
D28: >4 | F28: ='Auto-Calibration record'!B65 -> 76 | H28: ='Auto-Calibration record'!B68 -> 1415270 | J28: ='Auto-Calibration record'!I68 -> 1429381 | K28: =J28-H28 -> 14111 | L28: =K28/H28 -> 0.0099705357
D29: >6 | F29: ='Auto-Calibration record'!C65 -> 180 | H29: ='Auto-Calibration record'!B69 -> 580231 | J29: ='Auto-Calibration record'!I69 -> 582583 | K29: =J29-H29 -> 2352 | L29: =K29/H29 -> 0.004053558
D30: >14 | F30: ='Auto-Calibration record'!D65 -> 1020 | H30: ='Auto-Calibration record'!B71 -> 45814.7 | J30: ='Auto-Calibration record'!I71 -> 46338.333 | K30: =J30-H30 -> 523.63333 | L30: =K30/H30 -> 0.011429374
D31: >21 | F31: ='Auto-Calibration record'!E65 -> 2204 | H31: ='Auto-Calibration record'!B72 -> 11873.6 | J31: ='Auto-Calibration record'!I72 -> 12191 | K31: =J31-H31 -> 317.4 | L31: =K31/H31 -> 0.026731573
D32: >25 | F32: ='Auto-Calibration record'!F65 -> 3244 | H32: ='Auto-Calibration record'!B73 -> 5545.63 | J32: ='Auto-Calibration record'!I73 -> 5583.6667 | K32: =J32-H32 -> 38.036667 | L32: =K32/H32 -> 0.006858854
D33: >38 | F33: ='Auto-Calibration record'!G65 -> 11420 | H33: ='Auto-Calibration record'!B74 -> 184.087 | J33: ='Auto-Calibration record'!I74 -> 169 | K33: =J33-H33 -> -15.087 | L33: =K33/H33 -> -0.081955814
D34: >**50 | F34: ='Auto-Calibration record'!H65 -> 18008 | H34: ='Auto-Calibration record'!B75 -> 34.5164 | J34: ='Auto-Calibration record'!I75 -> 35 | K34: - | L34: -
D35: >**70 | F35: ='Auto-Calibration record'!I65 -> 30374 | H35: ='Auto-Calibration record'!B76 -> 4.43293 | J35: ='Auto-Calibration record'!I76 -> 5.3333333 | K35: - | L35: -
D36: **These particle sizes are not yet certified by NIST
D38: LS1 No Noise Threshold | E38: LS1 Threshold Sensitivity | G38: Sensitivity Threshold Ratio
D39: [mV] | E39: [mV] | G39: [-]
D40: ='Auto-Calibration record'!B11 -> 34 | E40: =F28-D40 -> 42 | G40: =F28/D40 -> 2.2352941
B72: CALIBRATION RESULT | D72: PASS | K72: PASS - VERIFIED
B74: RE-CALIBRATION DUE | D74: 1 YEAR FROM FIRST USE
B76: CALIBRATED BY | D76: ='Auto-Calibration record'!H26 -> John Devereux | K76: Position | L76: Calibration Lab Technician
B78: Newly purchased products are covered under warranty for 12 months from first use
B79: Products being returned for re-calibration are verified for accuracy for a further 12 months. This does not extend the warranty.
B80: Customers are responsible for managing the intervals between calibration's as defined within IS0 9001:2000
O83: Doc No. 200.XXX
B84: MP Filtri UK Ltd | O84: Sheet 1
B85: Bourton on the Water Industrial Park | O85: DCRXXXX
B86: Gloucestershire | O86: Rev 0
B87: England
B88: GL54 2HQ
B89: Tel: +44 (0) 1451 822522
B90: www.mpfiltri.co.uk | R90: MP Filtri UK Ltd | AH90: MP Filtri UK Ltd | AX90: MP Filtri UK Ltd | BN90: MP Filtri UK Ltd | CD90: MP Filtri UK Ltd | CT90: MP Filtri UK Ltd | DJ90: MP Filtri UK Ltd | DZ90: MP Filtri UK Ltd | EP90: MP Filtri UK Ltd | FF90: MP Filtri UK Ltd | FV90: MP Filtri UK Ltd | GL90: MP Filtri UK Ltd | HB90: MP Filtri UK Ltd | HR90: MP Filtri UK Ltd | IH90: MP Filtri UK Ltd | IX90: MP Filtri UK Ltd | JN90: MP Filtri UK Ltd | KD90: MP Filtri UK Ltd | KT90: MP Filtri UK Ltd | LJ90: MP Filtri UK Ltd | LZ90: MP Filtri UK Ltd | MP90: MP Filtri UK Ltd | NF90: MP Filtri UK Ltd | NV90: MP Filtri UK Ltd | OL90: MP Filtri UK Ltd | PB90: MP Filtri UK Ltd | PR90: MP Filtri UK Ltd | QH90: MP Filtri UK Ltd | QX90: MP Filtri UK Ltd | RN90: MP Filtri UK Ltd | SD90: MP Filtri UK Ltd | ST90: MP Filtri UK Ltd | TJ90: MP Filtri UK Ltd | TZ90: MP Filtri UK Ltd | UP90: MP Filtri UK Ltd | VF90: MP Filtri UK Ltd | VV90: MP Filtri UK Ltd | WL90: MP Filtri UK Ltd | XB90: MP Filtri UK Ltd | XR90: MP Filtri UK Ltd | YH90: MP Filtri UK Ltd | YX90: MP Filtri UK Ltd | ZN90: MP Filtri UK Ltd | AAD90: MP Filtri UK Ltd | AAT90: MP Filtri UK Ltd | ABJ90: MP Filtri UK Ltd | ABZ90: MP Filtri UK Ltd | ACP90: MP Filtri UK Ltd | ADF90: MP Filtri UK Ltd | ADV90: MP Filtri UK Ltd | AEL90: MP Filtri UK Ltd | AFB90: MP Filtri UK Ltd | AFR90: MP Filtri UK Ltd | AGH90: MP Filtri UK Ltd | AGX90: MP Filtri UK Ltd | AHN90: MP Filtri UK Ltd | AID90: MP Filtri UK Ltd | AIT90: MP Filtri UK Ltd | AJJ90: MP Filtri UK Ltd | AJZ90: MP Filtri UK Ltd | AKP90: MP Filtri UK Ltd | ALF90: MP Filtri UK Ltd | ALV90: MP Filtri UK Ltd | AML90: MP Filtri UK Ltd | ANB90: MP Filtri UK Ltd | ANR90: MP Filtri UK Ltd | AOH90: MP Filtri UK Ltd | AOX90: MP Filtri UK Ltd | APN90: MP Filtri UK Ltd | AQD90: MP Filtri UK Ltd | AQT90: MP Filtri UK Ltd | ARJ90: MP Filtri UK Ltd | ARZ90: MP Filtri UK Ltd | ASP90: MP Filtri UK Ltd | ATF90: MP Filtri UK Ltd | ATV90: MP Filtri UK Ltd | AUL90: MP Filtri UK Ltd | AVB90: MP Filtri UK Ltd | AVR90: MP Filtri UK Ltd | AWH90: MP Filtri UK Ltd | AWX90: MP Filtri UK Ltd | AXN90: MP Filtri UK Ltd | AYD90: MP Filtri UK Ltd | AYT90: MP Filtri UK Ltd | AZJ90: MP Filtri UK Ltd | AZZ90: MP Filtri UK Ltd | BAP90: MP Filtri UK Ltd | BBF90: MP Filtri UK Ltd | BBV90: MP Filtri UK Ltd | BCL90: MP Filtri UK Ltd | BDB90: MP Filtri UK Ltd | BDR90: MP Filtri UK Ltd | BEH90: MP Filtri UK Ltd | BEX90: MP Filtri UK Ltd | BFN90: MP Filtri UK Ltd | BGD90: MP Filtri UK Ltd | BGT90: MP Filtri UK Ltd | BHJ90: MP Filtri UK Ltd | BHZ90: MP Filtri UK Ltd | BIP90: MP Filtri UK Ltd | BJF90: MP Filtri UK Ltd | BJV90: MP Filtri UK Ltd | BKL90: MP Filtri UK Ltd | BLB90: MP Filtri UK Ltd | BLR90: MP Filtri UK Ltd | BMH90: MP Filtri UK Ltd | BMX90: MP Filtri UK Ltd | BNN90: MP Filtri UK Ltd | BOD90: MP Filtri UK Ltd | BOT90: MP Filtri UK Ltd | BPJ90: MP Filtri UK Ltd | BPZ90: MP Filtri UK Ltd | BQP90: MP Filtri UK Ltd | BRF90: MP Filtri UK Ltd | BRV90: MP Filtri UK Ltd | BSL90: MP Filtri UK Ltd | BTB90: MP Filtri UK Ltd | BTR90: MP Filtri UK Ltd | BUH90: MP Filtri UK Ltd | BUX90: MP Filtri UK Ltd | BVN90: MP Filtri UK Ltd | BWD90: MP Filtri UK Ltd | BWT90: MP Filtri UK Ltd | BXJ90: MP Filtri UK Ltd | BXZ90: MP Filtri UK Ltd | BYP90: MP Filtri UK Ltd | BZF90: MP Filtri UK Ltd | BZV90: MP Filtri UK Ltd | CAL90: MP Filtri UK Ltd | CBB90: MP Filtri UK Ltd | CBR90: MP Filtri UK Ltd | CCH90: MP Filtri UK Ltd | CCX90: MP Filtri UK Ltd | CDN90: MP Filtri UK Ltd | CED90: MP Filtri UK Ltd | CET90: MP Filtri UK Ltd | CFJ90: MP Filtri UK Ltd | CFZ90: MP Filtri UK Ltd | CGP90: MP Filtri UK Ltd | CHF90: MP Filtri UK Ltd | CHV90: MP Filtri UK Ltd | CIL90: MP Filtri UK Ltd | CJB90: MP Filtri UK Ltd | CJR90: MP Filtri UK Ltd | CKH90: MP Filtri UK Ltd | CKX90: MP Filtri UK Ltd | CLN90: MP Filtri UK Ltd | CMD90: MP Filtri UK Ltd | CMT90: MP Filtri UK Ltd | CNJ90: MP Filtri UK Ltd | CNZ90: MP Filtri UK Ltd | COP90: MP Filtri UK Ltd | CPF90: MP Filtri UK Ltd | CPV90: MP Filtri UK Ltd | CQL90: MP Filtri UK Ltd | CRB90: MP Filtri UK Ltd | CRR90: MP Filtri UK Ltd | CSH90: MP Filtri UK Ltd | CSX90: MP Filtri UK Ltd | CTN90: MP Filtri UK Ltd | CUD90: MP Filtri UK Ltd | CUT90: MP Filtri UK Ltd | CVJ90: MP Filtri UK Ltd | CVZ90: MP Filtri UK Ltd | CWP90: MP Filtri UK Ltd | CXF90: MP Filtri UK Ltd | CXV90: MP Filtri UK Ltd | CYL90: MP Filtri UK Ltd | CZB90: MP Filtri UK Ltd | CZR90: MP Filtri UK Ltd | DAH90: MP Filtri UK Ltd | DAX90: MP Filtri UK Ltd | DBN90: MP Filtri UK Ltd | DCD90: MP Filtri UK Ltd | DCT90: MP Filtri UK Ltd | DDJ90: MP Filtri UK Ltd | DDZ90: MP Filtri UK Ltd | DEP90: MP Filtri UK Ltd | DFF90: MP Filtri UK Ltd | DFV90: MP Filtri UK Ltd | DGL90: MP Filtri UK Ltd | DHB90: MP Filtri UK Ltd | DHR90: MP Filtri UK Ltd | DIH90: MP Filtri UK Ltd | DIX90: MP Filtri UK Ltd | DJN90: MP Filtri UK Ltd | DKD90: MP Filtri UK Ltd | DKT90: MP Filtri UK Ltd | DLJ90: MP Filtri UK Ltd | DLZ90: MP Filtri UK Ltd | DMP90: MP Filtri UK Ltd | DNF90: MP Filtri UK Ltd | DNV90: MP Filtri UK Ltd | DOL90: MP Filtri UK Ltd | DPB90: MP Filtri UK Ltd | DPR90: MP Filtri UK Ltd | DQH90: MP Filtri UK Ltd | DQX90: MP Filtri UK Ltd | DRN90: MP Filtri UK Ltd | DSD90: MP Filtri UK Ltd | DST90: MP Filtri UK Ltd | DTJ90: MP Filtri UK Ltd | DTZ90: MP Filtri UK Ltd | DUP90: MP Filtri UK Ltd | DVF90: MP Filtri UK Ltd | DVV90: MP Filtri UK Ltd | DWL90: MP Filtri UK Ltd | DXB90: MP Filtri UK Ltd | DXR90: MP Filtri UK Ltd | DYH90: MP Filtri UK Ltd | DYX90: MP Filtri UK Ltd | DZN90: MP Filtri UK Ltd | EAD90: MP Filtri UK Ltd | EAT90: MP Filtri UK Ltd | EBJ90: MP Filtri UK Ltd | EBZ90: MP Filtri UK Ltd | ECP90: MP Filtri UK Ltd | EDF90: MP Filtri UK Ltd | EDV90: MP Filtri UK Ltd | EEL90: MP Filtri UK Ltd | EFB90: MP Filtri UK Ltd | EFR90: MP Filtri UK Ltd | EGH90: MP Filtri UK Ltd | EGX90: MP Filtri UK Ltd | EHN90: MP Filtri UK Ltd | EID90: MP Filtri UK Ltd | EIT90: MP Filtri UK Ltd | EJJ90: MP Filtri UK Ltd | EJZ90: MP Filtri UK Ltd | EKP90: MP Filtri UK Ltd | ELF90: MP Filtri UK Ltd | ELV90: MP Filtri UK Ltd | EML90: MP Filtri UK Ltd | ENB90: MP Filtri UK Ltd | ENR90: MP Filtri UK Ltd | EOH90: MP Filtri UK Ltd | EOX90: MP Filtri UK Ltd | EPN90: MP Filtri UK Ltd | EQD90: MP Filtri UK Ltd | EQT90: MP Filtri UK Ltd | ERJ90: MP Filtri UK Ltd | ERZ90: MP Filtri UK Ltd | ESP90: MP Filtri UK Ltd | ETF90: MP Filtri UK Ltd | ETV90: MP Filtri UK Ltd | EUL90: MP Filtri UK Ltd | EVB90: MP Filtri UK Ltd | EVR90: MP Filtri UK Ltd | EWH90: MP Filtri UK Ltd | EWX90: MP Filtri UK Ltd | EXN90: MP Filtri UK Ltd | EYD90: MP Filtri UK Ltd | EYT90: MP Filtri UK Ltd | EZJ90: MP Filtri UK Ltd | EZZ90: MP Filtri UK Ltd | FAP90: MP Filtri UK Ltd | FBF90: MP Filtri UK Ltd | FBV90: MP Filtri UK Ltd | FCL90: MP Filtri UK Ltd | FDB90: MP Filtri UK Ltd | FDR90: MP Filtri UK Ltd | FEH90: MP Filtri UK Ltd | FEX90: MP Filtri UK Ltd | FFN90: MP Filtri UK Ltd | FGD90: MP Filtri UK Ltd | FGT90: MP Filtri UK Ltd | FHJ90: MP Filtri UK Ltd | FHZ90: MP Filtri UK Ltd | FIP90: MP Filtri UK Ltd | FJF90: MP Filtri UK Ltd | FJV90: MP Filtri UK Ltd | FKL90: MP Filtri UK Ltd | FLB90: MP Filtri UK Ltd | FLR90: MP Filtri UK Ltd | FMH90: MP Filtri UK Ltd | FMX90: MP Filtri UK Ltd | FNN90: MP Filtri UK Ltd | FOD90: MP Filtri UK Ltd | FOT90: MP Filtri UK Ltd | FPJ90: MP Filtri UK Ltd | FPZ90: MP Filtri UK Ltd | FQP90: MP Filtri UK Ltd | FRF90: MP Filtri UK Ltd | FRV90: MP Filtri UK Ltd | FSL90: MP Filtri UK Ltd | FTB90: MP Filtri UK Ltd | FTR90: MP Filtri UK Ltd | FUH90: MP Filtri UK Ltd | FUX90: MP Filtri UK Ltd | FVN90: MP Filtri UK Ltd | FWD90: MP Filtri UK Ltd | FWT90: MP Filtri UK Ltd | FXJ90: MP Filtri UK Ltd | FXZ90: MP Filtri UK Ltd | FYP90: MP Filtri UK Ltd | FZF90: MP Filtri UK Ltd | FZV90: MP Filtri UK Ltd | GAL90: MP Filtri UK Ltd | GBB90: MP Filtri UK Ltd | GBR90: MP Filtri UK Ltd | GCH90: MP Filtri UK Ltd | GCX90: MP Filtri UK Ltd | GDN90: MP Filtri UK Ltd | GED90: MP Filtri UK Ltd | GET90: MP Filtri UK Ltd | GFJ90: MP Filtri UK Ltd | GFZ90: MP Filtri UK Ltd | GGP90: MP Filtri UK Ltd | GHF90: MP Filtri UK Ltd | GHV90: MP Filtri UK Ltd | GIL90: MP Filtri UK Ltd | GJB90: MP Filtri UK Ltd | GJR90: MP Filtri UK Ltd | GKH90: MP Filtri UK Ltd | GKX90: MP Filtri UK Ltd | GLN90: MP Filtri UK Ltd | GMD90: MP Filtri UK Ltd | GMT90: MP Filtri UK Ltd | GNJ90: MP Filtri UK Ltd | GNZ90: MP Filtri UK Ltd | GOP90: MP Filtri UK Ltd | GPF90: MP Filtri UK Ltd | GPV90: MP Filtri UK Ltd | GQL90: MP Filtri UK Ltd | GRB90: MP Filtri UK Ltd | GRR90: MP Filtri UK Ltd | GSH90: MP Filtri UK Ltd | GSX90: MP Filtri UK Ltd | GTN90: MP Filtri UK Ltd | GUD90: MP Filtri UK Ltd | GUT90: MP Filtri UK Ltd | GVJ90: MP Filtri UK Ltd | GVZ90: MP Filtri UK Ltd | GWP90: MP Filtri UK Ltd | GXF90: MP Filtri UK Ltd | GXV90: MP Filtri UK Ltd | GYL90: MP Filtri UK Ltd | GZB90: MP Filtri UK Ltd | GZR90: MP Filtri UK Ltd | HAH90: MP Filtri UK Ltd | HAX90: MP Filtri UK Ltd | HBN90: MP Filtri UK Ltd | HCD90: MP Filtri UK Ltd | HCT90: MP Filtri UK Ltd | HDJ90: MP Filtri UK Ltd | HDZ90: MP Filtri UK Ltd | HEP90: MP Filtri UK Ltd | HFF90: MP Filtri UK Ltd | HFV90: MP Filtri UK Ltd | HGL90: MP Filtri UK Ltd | HHB90: MP Filtri UK Ltd | HHR90: MP Filtri UK Ltd | HIH90: MP Filtri UK Ltd | HIX90: MP Filtri UK Ltd | HJN90: MP Filtri UK Ltd | HKD90: MP Filtri UK Ltd | HKT90: MP Filtri UK Ltd | HLJ90: MP Filtri UK Ltd | HLZ90: MP Filtri UK Ltd | HMP90: MP Filtri UK Ltd | HNF90: MP Filtri UK Ltd | HNV90: MP Filtri UK Ltd | HOL90: MP Filtri UK Ltd | HPB90: MP Filtri UK Ltd | HPR90: MP Filtri UK Ltd | HQH90: MP Filtri UK Ltd | HQX90: MP Filtri UK Ltd | HRN90: MP Filtri UK Ltd | HSD90: MP Filtri UK Ltd | HST90: MP Filtri UK Ltd | HTJ90: MP Filtri UK Ltd | HTZ90: MP Filtri UK Ltd | HUP90: MP Filtri UK Ltd | HVF90: MP Filtri UK Ltd | HVV90: MP Filtri UK Ltd | HWL90: MP Filtri UK Ltd | HXB90: MP Filtri UK Ltd | HXR90: MP Filtri UK Ltd | HYH90: MP Filtri UK Ltd | HYX90: MP Filtri UK Ltd | HZN90: MP Filtri UK Ltd | IAD90: MP Filtri UK Ltd | IAT90: MP Filtri UK Ltd | IBJ90: MP Filtri UK Ltd | IBZ90: MP Filtri UK Ltd | ICP90: MP Filtri UK Ltd | IDF90: MP Filtri UK Ltd | IDV90: MP Filtri UK Ltd | IEL90: MP Filtri UK Ltd | IFB90: MP Filtri UK Ltd | IFR90: MP Filtri UK Ltd | IGH90: MP Filtri UK Ltd | IGX90: MP Filtri UK Ltd | IHN90: MP Filtri UK Ltd | IID90: MP Filtri UK Ltd | IIT90: MP Filtri UK Ltd | IJJ90: MP Filtri UK Ltd | IJZ90: MP Filtri UK Ltd | IKP90: MP Filtri UK Ltd | ILF90: MP Filtri UK Ltd | ILV90: MP Filtri UK Ltd | IML90: MP Filtri UK Ltd | INB90: MP Filtri UK Ltd | INR90: MP Filtri UK Ltd | IOH90: MP Filtri UK Ltd | IOX90: MP Filtri UK Ltd | IPN90: MP Filtri UK Ltd | IQD90: MP Filtri UK Ltd | IQT90: MP Filtri UK Ltd | IRJ90: MP Filtri UK Ltd | IRZ90: MP Filtri UK Ltd | ISP90: MP Filtri UK Ltd | ITF90: MP Filtri UK Ltd | ITV90: MP Filtri UK Ltd | IUL90: MP Filtri UK Ltd | IVB90: MP Filtri UK Ltd | IVR90: MP Filtri UK Ltd | IWH90: MP Filtri UK Ltd | IWX90: MP Filtri UK Ltd | IXN90: MP Filtri UK Ltd | IYD90: MP Filtri UK Ltd | IYT90: MP Filtri UK Ltd | IZJ90: MP Filtri UK Ltd | IZZ90: MP Filtri UK Ltd | JAP90: MP Filtri UK Ltd | JBF90: MP Filtri UK Ltd | JBV90: MP Filtri UK Ltd | JCL90: MP Filtri UK Ltd | JDB90: MP Filtri UK Ltd | JDR90: MP Filtri UK Ltd | JEH90: MP Filtri UK Ltd | JEX90: MP Filtri UK Ltd | JFN90: MP Filtri UK Ltd | JGD90: MP Filtri UK Ltd | JGT90: MP Filtri UK Ltd | JHJ90: MP Filtri UK Ltd | JHZ90: MP Filtri UK Ltd | JIP90: MP Filtri UK Ltd | JJF90: MP Filtri UK Ltd | JJV90: MP Filtri UK Ltd | JKL90: MP Filtri UK Ltd | JLB90: MP Filtri UK Ltd | JLR90: MP Filtri UK Ltd | JMH90: MP Filtri UK Ltd | JMX90: MP Filtri UK Ltd | JNN90: MP Filtri UK Ltd | JOD90: MP Filtri UK Ltd | JOT90: MP Filtri UK Ltd | JPJ90: MP Filtri UK Ltd | JPZ90: MP Filtri UK Ltd | JQP90: MP Filtri UK Ltd | JRF90: MP Filtri UK Ltd | JRV90: MP Filtri UK Ltd | JSL90: MP Filtri UK Ltd | JTB90: MP Filtri UK Ltd | JTR90: MP Filtri UK Ltd | JUH90: MP Filtri UK Ltd | JUX90: MP Filtri UK Ltd | JVN90: MP Filtri UK Ltd | JWD90: MP Filtri UK Ltd | JWT90: MP Filtri UK Ltd | JXJ90: MP Filtri UK Ltd | JXZ90: MP Filtri UK Ltd | JYP90: MP Filtri UK Ltd | JZF90: MP Filtri UK Ltd | JZV90: MP Filtri UK Ltd | KAL90: MP Filtri UK Ltd | KBB90: MP Filtri UK Ltd | KBR90: MP Filtri UK Ltd | KCH90: MP Filtri UK Ltd | KCX90: MP Filtri UK Ltd | KDN90: MP Filtri UK Ltd | KED90: MP Filtri UK Ltd | KET90: MP Filtri UK Ltd | KFJ90: MP Filtri UK Ltd | KFZ90: MP Filtri UK Ltd | KGP90: MP Filtri UK Ltd | KHF90: MP Filtri UK Ltd | KHV90: MP Filtri UK Ltd | KIL90: MP Filtri UK Ltd | KJB90: MP Filtri UK Ltd | KJR90: MP Filtri UK Ltd | KKH90: MP Filtri UK Ltd | KKX90: MP Filtri UK Ltd | KLN90: MP Filtri UK Ltd | KMD90: MP Filtri UK Ltd | KMT90: MP Filtri UK Ltd | KNJ90: MP Filtri UK Ltd | KNZ90: MP Filtri UK Ltd | KOP90: MP Filtri UK Ltd | KPF90: MP Filtri UK Ltd | KPV90: MP Filtri UK Ltd | KQL90: MP Filtri UK Ltd | KRB90: MP Filtri UK Ltd | KRR90: MP Filtri UK Ltd | KSH90: MP Filtri UK Ltd | KSX90: MP Filtri UK Ltd | KTN90: MP Filtri UK Ltd | KUD90: MP Filtri UK Ltd | KUT90: MP Filtri UK Ltd | KVJ90: MP Filtri UK Ltd | KVZ90: MP Filtri UK Ltd | KWP90: MP Filtri UK Ltd | KXF90: MP Filtri UK Ltd | KXV90: MP Filtri UK Ltd | KYL90: MP Filtri UK Ltd | KZB90: MP Filtri UK Ltd | KZR90: MP Filtri UK Ltd | LAH90: MP Filtri UK Ltd | LAX90: MP Filtri UK Ltd | LBN90: MP Filtri UK Ltd | LCD90: MP Filtri UK Ltd | LCT90: MP Filtri UK Ltd | LDJ90: MP Filtri UK Ltd | LDZ90: MP Filtri UK Ltd | LEP90: MP Filtri UK Ltd | LFF90: MP Filtri UK Ltd | LFV90: MP Filtri UK Ltd | LGL90: MP Filtri UK Ltd | LHB90: MP Filtri UK Ltd | LHR90: MP Filtri UK Ltd | LIH90: MP Filtri UK Ltd | LIX90: MP Filtri UK Ltd | LJN90: MP Filtri UK Ltd | LKD90: MP Filtri UK Ltd | LKT90: MP Filtri UK Ltd | LLJ90: MP Filtri UK Ltd | LLZ90: MP Filtri UK Ltd | LMP90: MP Filtri UK Ltd | LNF90: MP Filtri UK Ltd | LNV90: MP Filtri UK Ltd | LOL90: MP Filtri UK Ltd | LPB90: MP Filtri UK Ltd | LPR90: MP Filtri UK Ltd | LQH90: MP Filtri UK Ltd | LQX90: MP Filtri UK Ltd | LRN90: MP Filtri UK Ltd | LSD90: MP Filtri UK Ltd | LST90: MP Filtri UK Ltd | LTJ90: MP Filtri UK Ltd | LTZ90: MP Filtri UK Ltd | LUP90: MP Filtri UK Ltd | LVF90: MP Filtri UK Ltd | LVV90: MP Filtri UK Ltd | LWL90: MP Filtri UK Ltd | LXB90: MP Filtri UK Ltd | LXR90: MP Filtri UK Ltd | LYH90: MP Filtri UK Ltd | LYX90: MP Filtri UK Ltd | LZN90: MP Filtri UK Ltd | MAD90: MP Filtri UK Ltd | MAT90: MP Filtri UK Ltd | MBJ90: MP Filtri UK Ltd | MBZ90: MP Filtri UK Ltd | MCP90: MP Filtri UK Ltd | MDF90: MP Filtri UK Ltd | MDV90: MP Filtri UK Ltd | MEL90: MP Filtri UK Ltd | MFB90: MP Filtri UK Ltd | MFR90: MP Filtri UK Ltd | MGH90: MP Filtri UK Ltd | MGX90: MP Filtri UK Ltd | MHN90: MP Filtri UK Ltd | MID90: MP Filtri UK Ltd | MIT90: MP Filtri UK Ltd | MJJ90: MP Filtri UK Ltd | MJZ90: MP Filtri UK Ltd | MKP90: MP Filtri UK Ltd | MLF90: MP Filtri UK Ltd | MLV90: MP Filtri UK Ltd | MML90: MP Filtri UK Ltd | MNB90: MP Filtri UK Ltd | MNR90: MP Filtri UK Ltd | MOH90: MP Filtri UK Ltd | MOX90: MP Filtri UK Ltd | MPN90: MP Filtri UK Ltd | MQD90: MP Filtri UK Ltd | MQT90: MP Filtri UK Ltd | MRJ90: MP Filtri UK Ltd | MRZ90: MP Filtri UK Ltd | MSP90: MP Filtri UK Ltd | MTF90: MP Filtri UK Ltd | MTV90: MP Filtri UK Ltd | MUL90: MP Filtri UK Ltd | MVB90: MP Filtri UK Ltd | MVR90: MP Filtri UK Ltd | MWH90: MP Filtri UK Ltd | MWX90: MP Filtri UK Ltd | MXN90: MP Filtri UK Ltd | MYD90: MP Filtri UK Ltd | MYT90: MP Filtri UK Ltd | MZJ90: MP Filtri UK Ltd | MZZ90: MP Filtri UK Ltd | NAP90: MP Filtri UK Ltd | NBF90: MP Filtri UK Ltd | NBV90: MP Filtri UK Ltd | NCL90: MP Filtri UK Ltd | NDB90: MP Filtri UK Ltd | NDR90: MP Filtri UK Ltd | NEH90: MP Filtri UK Ltd | NEX90: MP Filtri UK Ltd | NFN90: MP Filtri UK Ltd | NGD90: MP Filtri UK Ltd | NGT90: MP Filtri UK Ltd | NHJ90: MP Filtri UK Ltd | NHZ90: MP Filtri UK Ltd | NIP90: MP Filtri UK Ltd | NJF90: MP Filtri UK Ltd | NJV90: MP Filtri UK Ltd | NKL90: MP Filtri UK Ltd | NLB90: MP Filtri UK Ltd | NLR90: MP Filtri UK Ltd | NMH90: MP Filtri UK Ltd | NMX90: MP Filtri UK Ltd | NNN90: MP Filtri UK Ltd | NOD90: MP Filtri UK Ltd | NOT90: MP Filtri UK Ltd | NPJ90: MP Filtri UK Ltd | NPZ90: MP Filtri UK Ltd | NQP90: MP Filtri UK Ltd | NRF90: MP Filtri UK Ltd | NRV90: MP Filtri UK Ltd | NSL90: MP Filtri UK Ltd | NTB90: MP Filtri UK Ltd | NTR90: MP Filtri UK Ltd | NUH90: MP Filtri UK Ltd | NUX90: MP Filtri UK Ltd | NVN90: MP Filtri UK Ltd | NWD90: MP Filtri UK Ltd | NWT90: MP Filtri UK Ltd | NXJ90: MP Filtri UK Ltd | NXZ90: MP Filtri UK Ltd | NYP90: MP Filtri UK Ltd | NZF90: MP Filtri UK Ltd | NZV90: MP Filtri UK Ltd | OAL90: MP Filtri UK Ltd | OBB90: MP Filtri UK Ltd | OBR90: MP Filtri UK Ltd | OCH90: MP Filtri UK Ltd | OCX90: MP Filtri UK Ltd | ODN90: MP Filtri UK Ltd | OED90: MP Filtri UK Ltd | OET90: MP Filtri UK Ltd | OFJ90: MP Filtri UK Ltd | OFZ90: MP Filtri UK Ltd | OGP90: MP Filtri UK Ltd | OHF90: MP Filtri UK Ltd | OHV90: MP Filtri UK Ltd | OIL90: MP Filtri UK Ltd | OJB90: MP Filtri UK Ltd | OJR90: MP Filtri UK Ltd | OKH90: MP Filtri UK Ltd | OKX90: MP Filtri UK Ltd | OLN90: MP Filtri UK Ltd | OMD90: MP Filtri UK Ltd | OMT90: MP Filtri UK Ltd | ONJ90: MP Filtri UK Ltd | ONZ90: MP Filtri UK Ltd | OOP90: MP Filtri UK Ltd | OPF90: MP Filtri UK Ltd | OPV90: MP Filtri UK Ltd | OQL90: MP Filtri UK Ltd | ORB90: MP Filtri UK Ltd | ORR90: MP Filtri UK Ltd | OSH90: MP Filtri UK Ltd | OSX90: MP Filtri UK Ltd | OTN90: MP Filtri UK Ltd | OUD90: MP Filtri UK Ltd | OUT90: MP Filtri UK Ltd | OVJ90: MP Filtri UK Ltd | OVZ90: MP Filtri UK Ltd | OWP90: MP Filtri UK Ltd | OXF90: MP Filtri UK Ltd | OXV90: MP Filtri UK Ltd | OYL90: MP Filtri UK Ltd | OZB90: MP Filtri UK Ltd | OZR90: MP Filtri UK Ltd | PAH90: MP Filtri UK Ltd | PAX90: MP Filtri UK Ltd | PBN90: MP Filtri UK Ltd | PCD90: MP Filtri UK Ltd | PCT90: MP Filtri UK Ltd | PDJ90: MP Filtri UK Ltd | PDZ90: MP Filtri UK Ltd | PEP90: MP Filtri UK Ltd | PFF90: MP Filtri UK Ltd | PFV90: MP Filtri UK Ltd | PGL90: MP Filtri UK Ltd | PHB90: MP Filtri UK Ltd | PHR90: MP Filtri UK Ltd | PIH90: MP Filtri UK Ltd | PIX90: MP Filtri UK Ltd | PJN90: MP Filtri UK Ltd | PKD90: MP Filtri UK Ltd | PKT90: MP Filtri UK Ltd | PLJ90: MP Filtri UK Ltd | PLZ90: MP Filtri UK Ltd | PMP90: MP Filtri UK Ltd | PNF90: MP Filtri UK Ltd | PNV90: MP Filtri UK Ltd | POL90: MP Filtri UK Ltd | PPB90: MP Filtri UK Ltd | PPR90: MP Filtri UK Ltd | PQH90: MP Filtri UK Ltd | PQX90: MP Filtri UK Ltd | PRN90: MP Filtri UK Ltd | PSD90: MP Filtri UK Ltd | PST90: MP Filtri UK Ltd | PTJ90: MP Filtri UK Ltd | PTZ90: MP Filtri UK Ltd | PUP90: MP Filtri UK Ltd | PVF90: MP Filtri UK Ltd | PVV90: MP Filtri UK Ltd | PWL90: MP Filtri UK Ltd | PXB90: MP Filtri UK Ltd | PXR90: MP Filtri UK Ltd | PYH90: MP Filtri UK Ltd | PYX90: MP Filtri UK Ltd | PZN90: MP Filtri UK Ltd | QAD90: MP Filtri UK Ltd | QAT90: MP Filtri UK Ltd | QBJ90: MP Filtri UK Ltd | QBZ90: MP Filtri UK Ltd | QCP90: MP Filtri UK Ltd | QDF90: MP Filtri UK Ltd | QDV90: MP Filtri UK Ltd | QEL90: MP Filtri UK Ltd | QFB90: MP Filtri UK Ltd | QFR90: MP Filtri UK Ltd | QGH90: MP Filtri UK Ltd | QGX90: MP Filtri UK Ltd | QHN90: MP Filtri UK Ltd | QID90: MP Filtri UK Ltd | QIT90: MP Filtri UK Ltd | QJJ90: MP Filtri UK Ltd | QJZ90: MP Filtri UK Ltd | QKP90: MP Filtri UK Ltd | QLF90: MP Filtri UK Ltd | QLV90: MP Filtri UK Ltd | QML90: MP Filtri UK Ltd | QNB90: MP Filtri UK Ltd | QNR90: MP Filtri UK Ltd | QOH90: MP Filtri UK Ltd | QOX90: MP Filtri UK Ltd | QPN90: MP Filtri UK Ltd | QQD90: MP Filtri UK Ltd | QQT90: MP Filtri UK Ltd | QRJ90: MP Filtri UK Ltd | QRZ90: MP Filtri UK Ltd | QSP90: MP Filtri UK Ltd | QTF90: MP Filtri UK Ltd | QTV90: MP Filtri UK Ltd | QUL90: MP Filtri UK Ltd | QVB90: MP Filtri UK Ltd | QVR90: MP Filtri UK Ltd | QWH90: MP Filtri UK Ltd | QWX90: MP Filtri UK Ltd | QXN90: MP Filtri UK Ltd | QYD90: MP Filtri UK Ltd | QYT90: MP Filtri UK Ltd | QZJ90: MP Filtri UK Ltd | QZZ90: MP Filtri UK Ltd | RAP90: MP Filtri UK Ltd | RBF90: MP Filtri UK Ltd | RBV90: MP Filtri UK Ltd | RCL90: MP Filtri UK Ltd | RDB90: MP Filtri UK Ltd | RDR90: MP Filtri UK Ltd | REH90: MP Filtri UK Ltd | REX90: MP Filtri UK Ltd | RFN90: MP Filtri UK Ltd | RGD90: MP Filtri UK Ltd | RGT90: MP Filtri UK Ltd | RHJ90: MP Filtri UK Ltd | RHZ90: MP Filtri UK Ltd | RIP90: MP Filtri UK Ltd | RJF90: MP Filtri UK Ltd | RJV90: MP Filtri UK Ltd | RKL90: MP Filtri UK Ltd | RLB90: MP Filtri UK Ltd | RLR90: MP Filtri UK Ltd | RMH90: MP Filtri UK Ltd | RMX90: MP Filtri UK Ltd | RNN90: MP Filtri UK Ltd | ROD90: MP Filtri UK Ltd | ROT90: MP Filtri UK Ltd | RPJ90: MP Filtri UK Ltd | RPZ90: MP Filtri UK Ltd | RQP90: MP Filtri UK Ltd | RRF90: MP Filtri UK Ltd | RRV90: MP Filtri UK Ltd | RSL90: MP Filtri UK Ltd | RTB90: MP Filtri UK Ltd | RTR90: MP Filtri UK Ltd | RUH90: MP Filtri UK Ltd | RUX90: MP Filtri UK Ltd | RVN90: MP Filtri UK Ltd | RWD90: MP Filtri UK Ltd | RWT90: MP Filtri UK Ltd | RXJ90: MP Filtri UK Ltd | RXZ90: MP Filtri UK Ltd | RYP90: MP Filtri UK Ltd | RZF90: MP Filtri UK Ltd | RZV90: MP Filtri UK Ltd | SAL90: MP Filtri UK Ltd | SBB90: MP Filtri UK Ltd | SBR90: MP Filtri UK Ltd | SCH90: MP Filtri UK Ltd | SCX90: MP Filtri UK Ltd | SDN90: MP Filtri UK Ltd | SED90: MP Filtri UK Ltd | SET90: MP Filtri UK Ltd | SFJ90: MP Filtri UK Ltd | SFZ90: MP Filtri UK Ltd | SGP90: MP Filtri UK Ltd | SHF90: MP Filtri UK Ltd | SHV90: MP Filtri UK Ltd | SIL90: MP Filtri UK Ltd | SJB90: MP Filtri UK Ltd | SJR90: MP Filtri UK Ltd | SKH90: MP Filtri UK Ltd | SKX90: MP Filtri UK Ltd | SLN90: MP Filtri UK Ltd | SMD90: MP Filtri UK Ltd | SMT90: MP Filtri UK Ltd | SNJ90: MP Filtri UK Ltd | SNZ90: MP Filtri UK Ltd | SOP90: MP Filtri UK Ltd | SPF90: MP Filtri UK Ltd | SPV90: MP Filtri UK Ltd | SQL90: MP Filtri UK Ltd | SRB90: MP Filtri UK Ltd | SRR90: MP Filtri UK Ltd | SSH90: MP Filtri UK Ltd | SSX90: MP Filtri UK Ltd | STN90: MP Filtri UK Ltd | SUD90: MP Filtri UK Ltd | SUT90: MP Filtri UK Ltd | SVJ90: MP Filtri UK Ltd | SVZ90: MP Filtri UK Ltd | SWP90: MP Filtri UK Ltd | SXF90: MP Filtri UK Ltd | SXV90: MP Filtri UK Ltd | SYL90: MP Filtri UK Ltd | SZB90: MP Filtri UK Ltd | SZR90: MP Filtri UK Ltd | TAH90: MP Filtri UK Ltd | TAX90: MP Filtri UK Ltd | TBN90: MP Filtri UK Ltd | TCD90: MP Filtri UK Ltd | TCT90: MP Filtri UK Ltd | TDJ90: MP Filtri UK Ltd | TDZ90: MP Filtri UK Ltd | TEP90: MP Filtri UK Ltd | TFF90: MP Filtri UK Ltd | TFV90: MP Filtri UK Ltd | TGL90: MP Filtri UK Ltd | THB90: MP Filtri UK Ltd | THR90: MP Filtri UK Ltd | TIH90: MP Filtri UK Ltd | TIX90: MP Filtri UK Ltd | TJN90: MP Filtri UK Ltd | TKD90: MP Filtri UK Ltd | TKT90: MP Filtri UK Ltd | TLJ90: MP Filtri UK Ltd | TLZ90: MP Filtri UK Ltd | TMP90: MP Filtri UK Ltd | TNF90: MP Filtri UK Ltd | TNV90: MP Filtri UK Ltd | TOL90: MP Filtri UK Ltd | TPB90: MP Filtri UK Ltd | TPR90: MP Filtri UK Ltd | TQH90: MP Filtri UK Ltd | TQX90: MP Filtri UK Ltd | TRN90: MP Filtri UK Ltd | TSD90: MP Filtri UK Ltd | TST90: MP Filtri UK Ltd | TTJ90: MP Filtri UK Ltd | TTZ90: MP Filtri UK Ltd | TUP90: MP Filtri UK Ltd | TVF90: MP Filtri UK Ltd | TVV90: MP Filtri UK Ltd | TWL90: MP Filtri UK Ltd | TXB90: MP Filtri UK Ltd | TXR90: MP Filtri UK Ltd | TYH90: MP Filtri UK Ltd | TYX90: MP Filtri UK Ltd | TZN90: MP Filtri UK Ltd | UAD90: MP Filtri UK Ltd | UAT90: MP Filtri UK Ltd | UBJ90: MP Filtri UK Ltd | UBZ90: MP Filtri UK Ltd | UCP90: MP Filtri UK Ltd | UDF90: MP Filtri UK Ltd | UDV90: MP Filtri UK Ltd | UEL90: MP Filtri UK Ltd | UFB90: MP Filtri UK Ltd | UFR90: MP Filtri UK Ltd | UGH90: MP Filtri UK Ltd | UGX90: MP Filtri UK Ltd | UHN90: MP Filtri UK Ltd | UID90: MP Filtri UK Ltd | UIT90: MP Filtri UK Ltd | UJJ90: MP Filtri UK Ltd | UJZ90: MP Filtri UK Ltd | UKP90: MP Filtri UK Ltd | ULF90: MP Filtri UK Ltd | ULV90: MP Filtri UK Ltd | UML90: MP Filtri UK Ltd | UNB90: MP Filtri UK Ltd | UNR90: MP Filtri UK Ltd | UOH90: MP Filtri UK Ltd | UOX90: MP Filtri UK Ltd | UPN90: MP Filtri UK Ltd | UQD90: MP Filtri UK Ltd | UQT90: MP Filtri UK Ltd | URJ90: MP Filtri UK Ltd | URZ90: MP Filtri UK Ltd | USP90: MP Filtri UK Ltd | UTF90: MP Filtri UK Ltd | UTV90: MP Filtri UK Ltd | UUL90: MP Filtri UK Ltd | UVB90: MP Filtri UK Ltd | UVR90: MP Filtri UK Ltd | UWH90: MP Filtri UK Ltd | UWX90: MP Filtri UK Ltd | UXN90: MP Filtri UK Ltd | UYD90: MP Filtri UK Ltd | UYT90: MP Filtri UK Ltd | UZJ90: MP Filtri UK Ltd | UZZ90: MP Filtri UK Ltd | VAP90: MP Filtri UK Ltd | VBF90: MP Filtri UK Ltd | VBV90: MP Filtri UK Ltd | VCL90: MP Filtri UK Ltd | VDB90: MP Filtri UK Ltd | VDR90: MP Filtri UK Ltd | VEH90: MP Filtri UK Ltd | VEX90: MP Filtri UK Ltd | VFN90: MP Filtri UK Ltd | VGD90: MP Filtri UK Ltd | VGT90: MP Filtri UK Ltd | VHJ90: MP Filtri UK Ltd | VHZ90: MP Filtri UK Ltd | VIP90: MP Filtri UK Ltd | VJF90: MP Filtri UK Ltd | VJV90: MP Filtri UK Ltd | VKL90: MP Filtri UK Ltd | VLB90: MP Filtri UK Ltd | VLR90: MP Filtri UK Ltd | VMH90: MP Filtri UK Ltd | VMX90: MP Filtri UK Ltd | VNN90: MP Filtri UK Ltd | VOD90: MP Filtri UK Ltd | VOT90: MP Filtri UK Ltd | VPJ90: MP Filtri UK Ltd | VPZ90: MP Filtri UK Ltd | VQP90: MP Filtri UK Ltd | VRF90: MP Filtri UK Ltd | VRV90: MP Filtri UK Ltd | VSL90: MP Filtri UK Ltd | VTB90: MP Filtri UK Ltd | VTR90: MP Filtri UK Ltd | VUH90: MP Filtri UK Ltd | VUX90: MP Filtri UK Ltd | VVN90: MP Filtri UK Ltd | VWD90: MP Filtri UK Ltd | VWT90: MP Filtri UK Ltd | VXJ90: MP Filtri UK Ltd | VXZ90: MP Filtri UK Ltd | VYP90: MP Filtri UK Ltd | VZF90: MP Filtri UK Ltd | VZV90: MP Filtri UK Ltd | WAL90: MP Filtri UK Ltd | WBB90: MP Filtri UK Ltd | WBR90: MP Filtri UK Ltd | WCH90: MP Filtri UK Ltd | WCX90: MP Filtri UK Ltd | WDN90: MP Filtri UK Ltd | WED90: MP Filtri UK Ltd | WET90: MP Filtri UK Ltd | WFJ90: MP Filtri UK Ltd | WFZ90: MP Filtri UK Ltd | WGP90: MP Filtri UK Ltd | WHF90: MP Filtri UK Ltd | WHV90: MP Filtri UK Ltd | WIL90: MP Filtri UK Ltd | WJB90: MP Filtri UK Ltd | WJR90: MP Filtri UK Ltd | WKH90: MP Filtri UK Ltd | WKX90: MP Filtri UK Ltd | WLN90: MP Filtri UK Ltd | WMD90: MP Filtri UK Ltd | WMT90: MP Filtri UK Ltd | WNJ90: MP Filtri UK Ltd | WNZ90: MP Filtri UK Ltd | WOP90: MP Filtri UK Ltd | WPF90: MP Filtri UK Ltd | WPV90: MP Filtri UK Ltd | WQL90: MP Filtri UK Ltd | WRB90: MP Filtri UK Ltd | WRR90: MP Filtri UK Ltd | WSH90: MP Filtri UK Ltd | WSX90: MP Filtri UK Ltd | WTN90: MP Filtri UK Ltd | WUD90: MP Filtri UK Ltd | WUT90: MP Filtri UK Ltd | WVJ90: MP Filtri UK Ltd | WVZ90: MP Filtri UK Ltd | WWP90: MP Filtri UK Ltd | WXF90: MP Filtri UK Ltd | WXV90: MP Filtri UK Ltd | WYL90: MP Filtri UK Ltd | WZB90: MP Filtri UK Ltd | WZR90: MP Filtri UK Ltd | XAH90: MP Filtri UK Ltd | XAX90: MP Filtri UK Ltd | XBN90: MP Filtri UK Ltd | XCD90: MP Filtri UK Ltd | XCT90: MP Filtri UK Ltd | XDJ90: MP Filtri UK Ltd | XDZ90: MP Filtri UK Ltd | XEP90: MP Filtri UK Ltd
R91: Bourton on the Water Industrial Park | AH91: Bourton on the Water Industrial Park | AX91: Bourton on the Water Industrial Park | BN91: Bourton on the Water Industrial Park | CD91: Bourton on the Water Industrial Park | CT91: Bourton on the Water Industrial Park | DJ91: Bourton on the Water Industrial Park | DZ91: Bourton on the Water Industrial Park | EP91: Bourton on the Water Industrial Park | FF91: Bourton on the Water Industrial Park | FV91: Bourton on the Water Industrial Park | GL91: Bourton on the Water Industrial Park | HB91: Bourton on the Water Industrial Park | HR91: Bourton on the Water Industrial Park | IH91: Bourton on the Water Industrial Park | IX91: Bourton on the Water Industrial Park | JN91: Bourton on the Water Industrial Park | KD91: Bourton on the Water Industrial Park | KT91: Bourton on the Water Industrial Park | LJ91: Bourton on the Water Industrial Park | LZ91: Bourton on the Water Industrial Park | MP91: Bourton on the Water Industrial Park | NF91: Bourton on the Water Industrial Park | NV91: Bourton on the Water Industrial Park | OL91: Bourton on the Water Industrial Park | PB91: Bourton on the Water Industrial Park | PR91: Bourton on the Water Industrial Park | QH91: Bourton on the Water Industrial Park | QX91: Bourton on the Water Industrial Park | RN91: Bourton on the Water Industrial Park | SD91: Bourton on the Water Industrial Park | ST91: Bourton on the Water Industrial Park | TJ91: Bourton on the Water Industrial Park | TZ91: Bourton on the Water Industrial Park | UP91: Bourton on the Water Industrial Park | VF91: Bourton on the Water Industrial Park | VV91: Bourton on the Water Industrial Park | WL91: Bourton on the Water Industrial Park | XB91: Bourton on the Water Industrial Park | XR91: Bourton on the Water Industrial Park | YH91: Bourton on the Water Industrial Park | YX91: Bourton on the Water Industrial Park | ZN91: Bourton on the Water Industrial Park | AAD91: Bourton on the Water Industrial Park | AAT91: Bourton on the Water Industrial Park | ABJ91: Bourton on the Water Industrial Park | ABZ91: Bourton on the Water Industrial Park | ACP91: Bourton on the Water Industrial Park | ADF91: Bourton on the Water Industrial Park | ADV91: Bourton on the Water Industrial Park | AEL91: Bourton on the Water Industrial Park | AFB91: Bourton on the Water Industrial Park | AFR91: Bourton on the Water Industrial Park | AGH91: Bourton on the Water Industrial Park | AGX91: Bourton on the Water Industrial Park | AHN91: Bourton on the Water Industrial Park | AID91: Bourton on the Water Industrial Park | AIT91: Bourton on the Water Industrial Park | AJJ91: Bourton on the Water Industrial Park | AJZ91: Bourton on the Water Industrial Park | AKP91: Bourton on the Water Industrial Park | ALF91: Bourton on the Water Industrial Park | ALV91: Bourton on the Water Industrial Park | AML91: Bourton on the Water Industrial Park | ANB91: Bourton on the Water Industrial Park | ANR91: Bourton on the Water Industrial Park | AOH91: Bourton on the Water Industrial Park | AOX91: Bourton on the Water Industrial Park | APN91: Bourton on the Water Industrial Park | AQD91: Bourton on the Water Industrial Park | AQT91: Bourton on the Water Industrial Park | ARJ91: Bourton on the Water Industrial Park | ARZ91: Bourton on the Water Industrial Park | ASP91: Bourton on the Water Industrial Park | ATF91: Bourton on the Water Industrial Park | ATV91: Bourton on the Water Industrial Park | AUL91: Bourton on the Water Industrial Park | AVB91: Bourton on the Water Industrial Park | AVR91: Bourton on the Water Industrial Park | AWH91: Bourton on the Water Industrial Park | AWX91: Bourton on the Water Industrial Park | AXN91: Bourton on the Water Industrial Park | AYD91: Bourton on the Water Industrial Park | AYT91: Bourton on the Water Industrial Park | AZJ91: Bourton on the Water Industrial Park | AZZ91: Bourton on the Water Industrial Park | BAP91: Bourton on the Water Industrial Park | BBF91: Bourton on the Water Industrial Park | BBV91: Bourton on the Water Industrial Park | BCL91: Bourton on the Water Industrial Park | BDB91: Bourton on the Water Industrial Park | BDR91: Bourton on the Water Industrial Park | BEH91: Bourton on the Water Industrial Park | BEX91: Bourton on the Water Industrial Park | BFN91: Bourton on the Water Industrial Park | BGD91: Bourton on the Water Industrial Park | BGT91: Bourton on the Water Industrial Park | BHJ91: Bourton on the Water Industrial Park | BHZ91: Bourton on the Water Industrial Park | BIP91: Bourton on the Water Industrial Park | BJF91: Bourton on the Water Industrial Park | BJV91: Bourton on the Water Industrial Park | BKL91: Bourton on the Water Industrial Park | BLB91: Bourton on the Water Industrial Park | BLR91: Bourton on the Water Industrial Park | BMH91: Bourton on the Water Industrial Park | BMX91: Bourton on the Water Industrial Park | BNN91: Bourton on the Water Industrial Park | BOD91: Bourton on the Water Industrial Park | BOT91: Bourton on the Water Industrial Park | BPJ91: Bourton on the Water Industrial Park | BPZ91: Bourton on the Water Industrial Park | BQP91: Bourton on the Water Industrial Park | BRF91: Bourton on the Water Industrial Park | BRV91: Bourton on the Water Industrial Park | BSL91: Bourton on the Water Industrial Park | BTB91: Bourton on the Water Industrial Park | BTR91: Bourton on the Water Industrial Park | BUH91: Bourton on the Water Industrial Park | BUX91: Bourton on the Water Industrial Park | BVN91: Bourton on the Water Industrial Park | BWD91: Bourton on the Water Industrial Park | BWT91: Bourton on the Water Industrial Park | BXJ91: Bourton on the Water Industrial Park | BXZ91: Bourton on the Water Industrial Park | BYP91: Bourton on the Water Industrial Park | BZF91: Bourton on the Water Industrial Park | BZV91: Bourton on the Water Industrial Park | CAL91: Bourton on the Water Industrial Park | CBB91: Bourton on the Water Industrial Park | CBR91: Bourton on the Water Industrial Park | CCH91: Bourton on the Water Industrial Park | CCX91: Bourton on the Water Industrial Park | CDN91: Bourton on the Water Industrial Park | CED91: Bourton on the Water Industrial Park | CET91: Bourton on the Water Industrial Park | CFJ91: Bourton on the Water Industrial Park | CFZ91: Bourton on the Water Industrial Park | CGP91: Bourton on the Water Industrial Park | CHF91: Bourton on the Water Industrial Park | CHV91: Bourton on the Water Industrial Park | CIL91: Bourton on the Water Industrial Park | CJB91: Bourton on the Water Industrial Park | CJR91: Bourton on the Water Industrial Park | CKH91: Bourton on the Water Industrial Park | CKX91: Bourton on the Water Industrial Park | CLN91: Bourton on the Water Industrial Park | CMD91: Bourton on the Water Industrial Park | CMT91: Bourton on the Water Industrial Park | CNJ91: Bourton on the Water Industrial Park | CNZ91: Bourton on the Water Industrial Park | COP91: Bourton on the Water Industrial Park | CPF91: Bourton on the Water Industrial Park | CPV91: Bourton on the Water Industrial Park | CQL91: Bourton on the Water Industrial Park | CRB91: Bourton on the Water Industrial Park | CRR91: Bourton on the Water Industrial Park | CSH91: Bourton on the Water Industrial Park | CSX91: Bourton on the Water Industrial Park | CTN91: Bourton on the Water Industrial Park | CUD91: Bourton on the Water Industrial Park | CUT91: Bourton on the Water Industrial Park | CVJ91: Bourton on the Water Industrial Park | CVZ91: Bourton on the Water Industrial Park | CWP91: Bourton on the Water Industrial Park | CXF91: Bourton on the Water Industrial Park | CXV91: Bourton on the Water Industrial Park | CYL91: Bourton on the Water Industrial Park | CZB91: Bourton on the Water Industrial Park | CZR91: Bourton on the Water Industrial Park | DAH91: Bourton on the Water Industrial Park | DAX91: Bourton on the Water Industrial Park | DBN91: Bourton on the Water Industrial Park | DCD91: Bourton on the Water Industrial Park | DCT91: Bourton on the Water Industrial Park | DDJ91: Bourton on the Water Industrial Park | DDZ91: Bourton on the Water Industrial Park | DEP91: Bourton on the Water Industrial Park | DFF91: Bourton on the Water Industrial Park | DFV91: Bourton on the Water Industrial Park | DGL91: Bourton on the Water Industrial Park | DHB91: Bourton on the Water Industrial Park | DHR91: Bourton on the Water Industrial Park | DIH91: Bourton on the Water Industrial Park | DIX91: Bourton on the Water Industrial Park | DJN91: Bourton on the Water Industrial Park | DKD91: Bourton on the Water Industrial Park | DKT91: Bourton on the Water Industrial Park | DLJ91: Bourton on the Water Industrial Park | DLZ91: Bourton on the Water Industrial Park | DMP91: Bourton on the Water Industrial Park | DNF91: Bourton on the Water Industrial Park | DNV91: Bourton on the Water Industrial Park | DOL91: Bourton on the Water Industrial Park | DPB91: Bourton on the Water Industrial Park | DPR91: Bourton on the Water Industrial Park | DQH91: Bourton on the Water Industrial Park | DQX91: Bourton on the Water Industrial Park | DRN91: Bourton on the Water Industrial Park | DSD91: Bourton on the Water Industrial Park | DST91: Bourton on the Water Industrial Park | DTJ91: Bourton on the Water Industrial Park | DTZ91: Bourton on the Water Industrial Park | DUP91: Bourton on the Water Industrial Park | DVF91: Bourton on the Water Industrial Park | DVV91: Bourton on the Water Industrial Park | DWL91: Bourton on the Water Industrial Park | DXB91: Bourton on the Water Industrial Park | DXR91: Bourton on the Water Industrial Park | DYH91: Bourton on the Water Industrial Park | DYX91: Bourton on the Water Industrial Park | DZN91: Bourton on the Water Industrial Park | EAD91: Bourton on the Water Industrial Park | EAT91: Bourton on the Water Industrial Park | EBJ91: Bourton on the Water Industrial Park | EBZ91: Bourton on the Water Industrial Park | ECP91: Bourton on the Water Industrial Park | EDF91: Bourton on the Water Industrial Park | EDV91: Bourton on the Water Industrial Park | EEL91: Bourton on the Water Industrial Park | EFB91: Bourton on the Water Industrial Park | EFR91: Bourton on the Water Industrial Park | EGH91: Bourton on the Water Industrial Park | EGX91: Bourton on the Water Industrial Park | EHN91: Bourton on the Water Industrial Park | EID91: Bourton on the Water Industrial Park | EIT91: Bourton on the Water Industrial Park | EJJ91: Bourton on the Water Industrial Park | EJZ91: Bourton on the Water Industrial Park | EKP91: Bourton on the Water Industrial Park | ELF91: Bourton on the Water Industrial Park | ELV91: Bourton on the Water Industrial Park | EML91: Bourton on the Water Industrial Park | ENB91: Bourton on the Water Industrial Park | ENR91: Bourton on the Water Industrial Park | EOH91: Bourton on the Water Industrial Park | EOX91: Bourton on the Water Industrial Park | EPN91: Bourton on the Water Industrial Park | EQD91: Bourton on the Water Industrial Park | EQT91: Bourton on the Water Industrial Park | ERJ91: Bourton on the Water Industrial Park | ERZ91: Bourton on the Water Industrial Park | ESP91: Bourton on the Water Industrial Park | ETF91: Bourton on the Water Industrial Park | ETV91: Bourton on the Water Industrial Park | EUL91: Bourton on the Water Industrial Park | EVB91: Bourton on the Water Industrial Park | EVR91: Bourton on the Water Industrial Park | EWH91: Bourton on the Water Industrial Park | EWX91: Bourton on the Water Industrial Park | EXN91: Bourton on the Water Industrial Park | EYD91: Bourton on the Water Industrial Park | EYT91: Bourton on the Water Industrial Park | EZJ91: Bourton on the Water Industrial Park | EZZ91: Bourton on the Water Industrial Park | FAP91: Bourton on the Water Industrial Park | FBF91: Bourton on the Water Industrial Park | FBV91: Bourton on the Water Industrial Park | FCL91: Bourton on the Water Industrial Park | FDB91: Bourton on the Water Industrial Park | FDR91: Bourton on the Water Industrial Park | FEH91: Bourton on the Water Industrial Park | FEX91: Bourton on the Water Industrial Park | FFN91: Bourton on the Water Industrial Park | FGD91: Bourton on the Water Industrial Park | FGT91: Bourton on the Water Industrial Park | FHJ91: Bourton on the Water Industrial Park | FHZ91: Bourton on the Water Industrial Park | FIP91: Bourton on the Water Industrial Park | FJF91: Bourton on the Water Industrial Park | FJV91: Bourton on the Water Industrial Park | FKL91: Bourton on the Water Industrial Park | FLB91: Bourton on the Water Industrial Park | FLR91: Bourton on the Water Industrial Park | FMH91: Bourton on the Water Industrial Park | FMX91: Bourton on the Water Industrial Park | FNN91: Bourton on the Water Industrial Park | FOD91: Bourton on the Water Industrial Park | FOT91: Bourton on the Water Industrial Park | FPJ91: Bourton on the Water Industrial Park | FPZ91: Bourton on the Water Industrial Park | FQP91: Bourton on the Water Industrial Park | FRF91: Bourton on the Water Industrial Park | FRV91: Bourton on the Water Industrial Park | FSL91: Bourton on the Water Industrial Park | FTB91: Bourton on the Water Industrial Park | FTR91: Bourton on the Water Industrial Park | FUH91: Bourton on the Water Industrial Park | FUX91: Bourton on the Water Industrial Park | FVN91: Bourton on the Water Industrial Park | FWD91: Bourton on the Water Industrial Park | FWT91: Bourton on the Water Industrial Park | FXJ91: Bourton on the Water Industrial Park | FXZ91: Bourton on the Water Industrial Park | FYP91: Bourton on the Water Industrial Park | FZF91: Bourton on the Water Industrial Park | FZV91: Bourton on the Water Industrial Park | GAL91: Bourton on the Water Industrial Park | GBB91: Bourton on the Water Industrial Park | GBR91: Bourton on the Water Industrial Park | GCH91: Bourton on the Water Industrial Park | GCX91: Bourton on the Water Industrial Park | GDN91: Bourton on the Water Industrial Park | GED91: Bourton on the Water Industrial Park | GET91: Bourton on the Water Industrial Park | GFJ91: Bourton on the Water Industrial Park | GFZ91: Bourton on the Water Industrial Park | GGP91: Bourton on the Water Industrial Park | GHF91: Bourton on the Water Industrial Park | GHV91: Bourton on the Water Industrial Park | GIL91: Bourton on the Water Industrial Park | GJB91: Bourton on the Water Industrial Park | GJR91: Bourton on the Water Industrial Park | GKH91: Bourton on the Water Industrial Park | GKX91: Bourton on the Water Industrial Park | GLN91: Bourton on the Water Industrial Park | GMD91: Bourton on the Water Industrial Park | GMT91: Bourton on the Water Industrial Park | GNJ91: Bourton on the Water Industrial Park | GNZ91: Bourton on the Water Industrial Park | GOP91: Bourton on the Water Industrial Park | GPF91: Bourton on the Water Industrial Park | GPV91: Bourton on the Water Industrial Park | GQL91: Bourton on the Water Industrial Park | GRB91: Bourton on the Water Industrial Park | GRR91: Bourton on the Water Industrial Park | GSH91: Bourton on the Water Industrial Park | GSX91: Bourton on the Water Industrial Park | GTN91: Bourton on the Water Industrial Park | GUD91: Bourton on the Water Industrial Park | GUT91: Bourton on the Water Industrial Park | GVJ91: Bourton on the Water Industrial Park | GVZ91: Bourton on the Water Industrial Park | GWP91: Bourton on the Water Industrial Park | GXF91: Bourton on the Water Industrial Park | GXV91: Bourton on the Water Industrial Park | GYL91: Bourton on the Water Industrial Park | GZB91: Bourton on the Water Industrial Park | GZR91: Bourton on the Water Industrial Park | HAH91: Bourton on the Water Industrial Park | HAX91: Bourton on the Water Industrial Park | HBN91: Bourton on the Water Industrial Park | HCD91: Bourton on the Water Industrial Park | HCT91: Bourton on the Water Industrial Park | HDJ91: Bourton on the Water Industrial Park | HDZ91: Bourton on the Water Industrial Park | HEP91: Bourton on the Water Industrial Park | HFF91: Bourton on the Water Industrial Park | HFV91: Bourton on the Water Industrial Park | HGL91: Bourton on the Water Industrial Park | HHB91: Bourton on the Water Industrial Park | HHR91: Bourton on the Water Industrial Park | HIH91: Bourton on the Water Industrial Park | HIX91: Bourton on the Water Industrial Park | HJN91: Bourton on the Water Industrial Park | HKD91: Bourton on the Water Industrial Park | HKT91: Bourton on the Water Industrial Park | HLJ91: Bourton on the Water Industrial Park | HLZ91: Bourton on the Water Industrial Park | HMP91: Bourton on the Water Industrial Park | HNF91: Bourton on the Water Industrial Park | HNV91: Bourton on the Water Industrial Park | HOL91: Bourton on the Water Industrial Park | HPB91: Bourton on the Water Industrial Park | HPR91: Bourton on the Water Industrial Park | HQH91: Bourton on the Water Industrial Park | HQX91: Bourton on the Water Industrial Park | HRN91: Bourton on the Water Industrial Park | HSD91: Bourton on the Water Industrial Park | HST91: Bourton on the Water Industrial Park | HTJ91: Bourton on the Water Industrial Park | HTZ91: Bourton on the Water Industrial Park | HUP91: Bourton on the Water Industrial Park | HVF91: Bourton on the Water Industrial Park | HVV91: Bourton on the Water Industrial Park | HWL91: Bourton on the Water Industrial Park | HXB91: Bourton on the Water Industrial Park | HXR91: Bourton on the Water Industrial Park | HYH91: Bourton on the Water Industrial Park | HYX91: Bourton on the Water Industrial Park | HZN91: Bourton on the Water Industrial Park | IAD91: Bourton on the Water Industrial Park | IAT91: Bourton on the Water Industrial Park | IBJ91: Bourton on the Water Industrial Park | IBZ91: Bourton on the Water Industrial Park | ICP91: Bourton on the Water Industrial Park | IDF91: Bourton on the Water Industrial Park | IDV91: Bourton on the Water Industrial Park | IEL91: Bourton on the Water Industrial Park | IFB91: Bourton on the Water Industrial Park | IFR91: Bourton on the Water Industrial Park | IGH91: Bourton on the Water Industrial Park | IGX91: Bourton on the Water Industrial Park | IHN91: Bourton on the Water Industrial Park | IID91: Bourton on the Water Industrial Park | IIT91: Bourton on the Water Industrial Park | IJJ91: Bourton on the Water Industrial Park | IJZ91: Bourton on the Water Industrial Park | IKP91: Bourton on the Water Industrial Park | ILF91: Bourton on the Water Industrial Park | ILV91: Bourton on the Water Industrial Park | IML91: Bourton on the Water Industrial Park | INB91: Bourton on the Water Industrial Park | INR91: Bourton on the Water Industrial Park | IOH91: Bourton on the Water Industrial Park | IOX91: Bourton on the Water Industrial Park | IPN91: Bourton on the Water Industrial Park | IQD91: Bourton on the Water Industrial Park | IQT91: Bourton on the Water Industrial Park | IRJ91: Bourton on the Water Industrial Park | IRZ91: Bourton on the Water Industrial Park | ISP91: Bourton on the Water Industrial Park | ITF91: Bourton on the Water Industrial Park | ITV91: Bourton on the Water Industrial Park | IUL91: Bourton on the Water Industrial Park | IVB91: Bourton on the Water Industrial Park | IVR91: Bourton on the Water Industrial Park | IWH91: Bourton on the Water Industrial Park | IWX91: Bourton on the Water Industrial Park | IXN91: Bourton on the Water Industrial Park | IYD91: Bourton on the Water Industrial Park | IYT91: Bourton on the Water Industrial Park | IZJ91: Bourton on the Water Industrial Park | IZZ91: Bourton on the Water Industrial Park | JAP91: Bourton on the Water Industrial Park | JBF91: Bourton on the Water Industrial Park | JBV91: Bourton on the Water Industrial Park | JCL91: Bourton on the Water Industrial Park | JDB91: Bourton on the Water Industrial Park | JDR91: Bourton on the Water Industrial Park | JEH91: Bourton on the Water Industrial Park | JEX91: Bourton on the Water Industrial Park | JFN91: Bourton on the Water Industrial Park | JGD91: Bourton on the Water Industrial Park | JGT91: Bourton on the Water Industrial Park | JHJ91: Bourton on the Water Industrial Park | JHZ91: Bourton on the Water Industrial Park | JIP91: Bourton on the Water Industrial Park | JJF91: Bourton on the Water Industrial Park | JJV91: Bourton on the Water Industrial Park | JKL91: Bourton on the Water Industrial Park | JLB91: Bourton on the Water Industrial Park | JLR91: Bourton on the Water Industrial Park | JMH91: Bourton on the Water Industrial Park | JMX91: Bourton on the Water Industrial Park | JNN91: Bourton on the Water Industrial Park | JOD91: Bourton on the Water Industrial Park | JOT91: Bourton on the Water Industrial Park | JPJ91: Bourton on the Water Industrial Park | JPZ91: Bourton on the Water Industrial Park | JQP91: Bourton on the Water Industrial Park | JRF91: Bourton on the Water Industrial Park | JRV91: Bourton on the Water Industrial Park | JSL91: Bourton on the Water Industrial Park | JTB91: Bourton on the Water Industrial Park | JTR91: Bourton on the Water Industrial Park | JUH91: Bourton on the Water Industrial Park | JUX91: Bourton on the Water Industrial Park | JVN91: Bourton on the Water Industrial Park | JWD91: Bourton on the Water Industrial Park | JWT91: Bourton on the Water Industrial Park | JXJ91: Bourton on the Water Industrial Park | JXZ91: Bourton on the Water Industrial Park | JYP91: Bourton on the Water Industrial Park | JZF91: Bourton on the Water Industrial Park | JZV91: Bourton on the Water Industrial Park | KAL91: Bourton on the Water Industrial Park | KBB91: Bourton on the Water Industrial Park | KBR91: Bourton on the Water Industrial Park | KCH91: Bourton on the Water Industrial Park | KCX91: Bourton on the Water Industrial Park | KDN91: Bourton on the Water Industrial Park | KED91: Bourton on the Water Industrial Park | KET91: Bourton on the Water Industrial Park | KFJ91: Bourton on the Water Industrial Park | KFZ91: Bourton on the Water Industrial Park | KGP91: Bourton on the Water Industrial Park | KHF91: Bourton on the Water Industrial Park | KHV91: Bourton on the Water Industrial Park | KIL91: Bourton on the Water Industrial Park | KJB91: Bourton on the Water Industrial Park | KJR91: Bourton on the Water Industrial Park | KKH91: Bourton on the Water Industrial Park | KKX91: Bourton on the Water Industrial Park | KLN91: Bourton on the Water Industrial Park | KMD91: Bourton on the Water Industrial Park | KMT91: Bourton on the Water Industrial Park | KNJ91: Bourton on the Water Industrial Park | KNZ91: Bourton on the Water Industrial Park | KOP91: Bourton on the Water Industrial Park | KPF91: Bourton on the Water Industrial Park | KPV91: Bourton on the Water Industrial Park | KQL91: Bourton on the Water Industrial Park | KRB91: Bourton on the Water Industrial Park | KRR91: Bourton on the Water Industrial Park | KSH91: Bourton on the Water Industrial Park | KSX91: Bourton on the Water Industrial Park | KTN91: Bourton on the Water Industrial Park | KUD91: Bourton on the Water Industrial Park | KUT91: Bourton on the Water Industrial Park | KVJ91: Bourton on the Water Industrial Park | KVZ91: Bourton on the Water Industrial Park | KWP91: Bourton on the Water Industrial Park | KXF91: Bourton on the Water Industrial Park | KXV91: Bourton on the Water Industrial Park | KYL91: Bourton on the Water Industrial Park | KZB91: Bourton on the Water Industrial Park | KZR91: Bourton on the Water Industrial Park | LAH91: Bourton on the Water Industrial Park | LAX91: Bourton on the Water Industrial Park | LBN91: Bourton on the Water Industrial Park | LCD91: Bourton on the Water Industrial Park | LCT91: Bourton on the Water Industrial Park | LDJ91: Bourton on the Water Industrial Park | LDZ91: Bourton on the Water Industrial Park | LEP91: Bourton on the Water Industrial Park | LFF91: Bourton on the Water Industrial Park | LFV91: Bourton on the Water Industrial Park | LGL91: Bourton on the Water Industrial Park | LHB91: Bourton on the Water Industrial Park | LHR91: Bourton on the Water Industrial Park | LIH91: Bourton on the Water Industrial Park | LIX91: Bourton on the Water Industrial Park | LJN91: Bourton on the Water Industrial Park | LKD91: Bourton on the Water Industrial Park | LKT91: Bourton on the Water Industrial Park | LLJ91: Bourton on the Water Industrial Park | LLZ91: Bourton on the Water Industrial Park | LMP91: Bourton on the Water Industrial Park | LNF91: Bourton on the Water Industrial Park | LNV91: Bourton on the Water Industrial Park | LOL91: Bourton on the Water Industrial Park | LPB91: Bourton on the Water Industrial Park | LPR91: Bourton on the Water Industrial Park | LQH91: Bourton on the Water Industrial Park | LQX91: Bourton on the Water Industrial Park | LRN91: Bourton on the Water Industrial Park | LSD91: Bourton on the Water Industrial Park | LST91: Bourton on the Water Industrial Park | LTJ91: Bourton on the Water Industrial Park | LTZ91: Bourton on the Water Industrial Park | LUP91: Bourton on the Water Industrial Park | LVF91: Bourton on the Water Industrial Park | LVV91: Bourton on the Water Industrial Park | LWL91: Bourton on the Water Industrial Park | LXB91: Bourton on the Water Industrial Park | LXR91: Bourton on the Water Industrial Park | LYH91: Bourton on the Water Industrial Park | LYX91: Bourton on the Water Industrial Park | LZN91: Bourton on the Water Industrial Park | MAD91: Bourton on the Water Industrial Park | MAT91: Bourton on the Water Industrial Park | MBJ91: Bourton on the Water Industrial Park | MBZ91: Bourton on the Water Industrial Park | MCP91: Bourton on the Water Industrial Park | MDF91: Bourton on the Water Industrial Park | MDV91: Bourton on the Water Industrial Park | MEL91: Bourton on the Water Industrial Park | MFB91: Bourton on the Water Industrial Park | MFR91: Bourton on the Water Industrial Park | MGH91: Bourton on the Water Industrial Park | MGX91: Bourton on the Water Industrial Park | MHN91: Bourton on the Water Industrial Park | MID91: Bourton on the Water Industrial Park | MIT91: Bourton on the Water Industrial Park | MJJ91: Bourton on the Water Industrial Park | MJZ91: Bourton on the Water Industrial Park | MKP91: Bourton on the Water Industrial Park | MLF91: Bourton on the Water Industrial Park | MLV91: Bourton on the Water Industrial Park | MML91: Bourton on the Water Industrial Park | MNB91: Bourton on the Water Industrial Park | MNR91: Bourton on the Water Industrial Park | MOH91: Bourton on the Water Industrial Park | MOX91: Bourton on the Water Industrial Park | MPN91: Bourton on the Water Industrial Park | MQD91: Bourton on the Water Industrial Park | MQT91: Bourton on the Water Industrial Park | MRJ91: Bourton on the Water Industrial Park | MRZ91: Bourton on the Water Industrial Park | MSP91: Bourton on the Water Industrial Park | MTF91: Bourton on the Water Industrial Park | MTV91: Bourton on the Water Industrial Park | MUL91: Bourton on the Water Industrial Park | MVB91: Bourton on the Water Industrial Park | MVR91: Bourton on the Water Industrial Park | MWH91: Bourton on the Water Industrial Park | MWX91: Bourton on the Water Industrial Park | MXN91: Bourton on the Water Industrial Park | MYD91: Bourton on the Water Industrial Park | MYT91: Bourton on the Water Industrial Park | MZJ91: Bourton on the Water Industrial Park | MZZ91: Bourton on the Water Industrial Park | NAP91: Bourton on the Water Industrial Park | NBF91: Bourton on the Water Industrial Park | NBV91: Bourton on the Water Industrial Park | NCL91: Bourton on the Water Industrial Park | NDB91: Bourton on the Water Industrial Park | NDR91: Bourton on the Water Industrial Park | NEH91: Bourton on the Water Industrial Park | NEX91: Bourton on the Water Industrial Park | NFN91: Bourton on the Water Industrial Park | NGD91: Bourton on the Water Industrial Park | NGT91: Bourton on the Water Industrial Park | NHJ91: Bourton on the Water Industrial Park | NHZ91: Bourton on the Water Industrial Park | NIP91: Bourton on the Water Industrial Park | NJF91: Bourton on the Water Industrial Park | NJV91: Bourton on the Water Industrial Park | NKL91: Bourton on the Water Industrial Park | NLB91: Bourton on the Water Industrial Park | NLR91: Bourton on the Water Industrial Park | NMH91: Bourton on the Water Industrial Park | NMX91: Bourton on the Water Industrial Park | NNN91: Bourton on the Water Industrial Park | NOD91: Bourton on the Water Industrial Park | NOT91: Bourton on the Water Industrial Park | NPJ91: Bourton on the Water Industrial Park | NPZ91: Bourton on the Water Industrial Park | NQP91: Bourton on the Water Industrial Park | NRF91: Bourton on the Water Industrial Park | NRV91: Bourton on the Water Industrial Park | NSL91: Bourton on the Water Industrial Park | NTB91: Bourton on the Water Industrial Park | NTR91: Bourton on the Water Industrial Park | NUH91: Bourton on the Water Industrial Park | NUX91: Bourton on the Water Industrial Park | NVN91: Bourton on the Water Industrial Park | NWD91: Bourton on the Water Industrial Park | NWT91: Bourton on the Water Industrial Park | NXJ91: Bourton on the Water Industrial Park | NXZ91: Bourton on the Water Industrial Park | NYP91: Bourton on the Water Industrial Park | NZF91: Bourton on the Water Industrial Park | NZV91: Bourton on the Water Industrial Park | OAL91: Bourton on the Water Industrial Park | OBB91: Bourton on the Water Industrial Park | OBR91: Bourton on the Water Industrial Park | OCH91: Bourton on the Water Industrial Park | OCX91: Bourton on the Water Industrial Park | ODN91: Bourton on the Water Industrial Park | OED91: Bourton on the Water Industrial Park | OET91: Bourton on the Water Industrial Park | OFJ91: Bourton on the Water Industrial Park | OFZ91: Bourton on the Water Industrial Park | OGP91: Bourton on the Water Industrial Park | OHF91: Bourton on the Water Industrial Park | OHV91: Bourton on the Water Industrial Park | OIL91: Bourton on the Water Industrial Park | OJB91: Bourton on the Water Industrial Park | OJR91: Bourton on the Water Industrial Park | OKH91: Bourton on the Water Industrial Park | OKX91: Bourton on the Water Industrial Park | OLN91: Bourton on the Water Industrial Park | OMD91: Bourton on the Water Industrial Park | OMT91: Bourton on the Water Industrial Park | ONJ91: Bourton on the Water Industrial Park | ONZ91: Bourton on the Water Industrial Park | OOP91: Bourton on the Water Industrial Park | OPF91: Bourton on the Water Industrial Park | OPV91: Bourton on the Water Industrial Park | OQL91: Bourton on the Water Industrial Park | ORB91: Bourton on the Water Industrial Park | ORR91: Bourton on the Water Industrial Park | OSH91: Bourton on the Water Industrial Park | OSX91: Bourton on the Water Industrial Park | OTN91: Bourton on the Water Industrial Park | OUD91: Bourton on the Water Industrial Park | OUT91: Bourton on the Water Industrial Park | OVJ91: Bourton on the Water Industrial Park | OVZ91: Bourton on the Water Industrial Park | OWP91: Bourton on the Water Industrial Park | OXF91: Bourton on the Water Industrial Park | OXV91: Bourton on the Water Industrial Park | OYL91: Bourton on the Water Industrial Park | OZB91: Bourton on the Water Industrial Park | OZR91: Bourton on the Water Industrial Park | PAH91: Bourton on the Water Industrial Park | PAX91: Bourton on the Water Industrial Park | PBN91: Bourton on the Water Industrial Park | PCD91: Bourton on the Water Industrial Park | PCT91: Bourton on the Water Industrial Park | PDJ91: Bourton on the Water Industrial Park | PDZ91: Bourton on the Water Industrial Park | PEP91: Bourton on the Water Industrial Park | PFF91: Bourton on the Water Industrial Park | PFV91: Bourton on the Water Industrial Park | PGL91: Bourton on the Water Industrial Park | PHB91: Bourton on the Water Industrial Park | PHR91: Bourton on the Water Industrial Park | PIH91: Bourton on the Water Industrial Park | PIX91: Bourton on the Water Industrial Park | PJN91: Bourton on the Water Industrial Park | PKD91: Bourton on the Water Industrial Park | PKT91: Bourton on the Water Industrial Park | PLJ91: Bourton on the Water Industrial Park | PLZ91: Bourton on the Water Industrial Park | PMP91: Bourton on the Water Industrial Park | PNF91: Bourton on the Water Industrial Park | PNV91: Bourton on the Water Industrial Park | POL91: Bourton on the Water Industrial Park | PPB91: Bourton on the Water Industrial Park | PPR91: Bourton on the Water Industrial Park | PQH91: Bourton on the Water Industrial Park | PQX91: Bourton on the Water Industrial Park | PRN91: Bourton on the Water Industrial Park | PSD91: Bourton on the Water Industrial Park | PST91: Bourton on the Water Industrial Park | PTJ91: Bourton on the Water Industrial Park | PTZ91: Bourton on the Water Industrial Park | PUP91: Bourton on the Water Industrial Park | PVF91: Bourton on the Water Industrial Park | PVV91: Bourton on the Water Industrial Park | PWL91: Bourton on the Water Industrial Park | PXB91: Bourton on the Water Industrial Park | PXR91: Bourton on the Water Industrial Park | PYH91: Bourton on the Water Industrial Park | PYX91: Bourton on the Water Industrial Park | PZN91: Bourton on the Water Industrial Park | QAD91: Bourton on the Water Industrial Park | QAT91: Bourton on the Water Industrial Park | QBJ91: Bourton on the Water Industrial Park | QBZ91: Bourton on the Water Industrial Park | QCP91: Bourton on the Water Industrial Park | QDF91: Bourton on the Water Industrial Park | QDV91: Bourton on the Water Industrial Park | QEL91: Bourton on the Water Industrial Park | QFB91: Bourton on the Water Industrial Park | QFR91: Bourton on the Water Industrial Park | QGH91: Bourton on the Water Industrial Park | QGX91: Bourton on the Water Industrial Park | QHN91: Bourton on the Water Industrial Park | QID91: Bourton on the Water Industrial Park | QIT91: Bourton on the Water Industrial Park | QJJ91: Bourton on the Water Industrial Park | QJZ91: Bourton on the Water Industrial Park | QKP91: Bourton on the Water Industrial Park | QLF91: Bourton on the Water Industrial Park | QLV91: Bourton on the Water Industrial Park | QML91: Bourton on the Water Industrial Park | QNB91: Bourton on the Water Industrial Park | QNR91: Bourton on the Water Industrial Park | QOH91: Bourton on the Water Industrial Park | QOX91: Bourton on the Water Industrial Park | QPN91: Bourton on the Water Industrial Park | QQD91: Bourton on the Water Industrial Park | QQT91: Bourton on the Water Industrial Park | QRJ91: Bourton on the Water Industrial Park | QRZ91: Bourton on the Water Industrial Park | QSP91: Bourton on the Water Industrial Park | QTF91: Bourton on the Water Industrial Park | QTV91: Bourton on the Water Industrial Park | QUL91: Bourton on the Water Industrial Park | QVB91: Bourton on the Water Industrial Park | QVR91: Bourton on the Water Industrial Park | QWH91: Bourton on the Water Industrial Park | QWX91: Bourton on the Water Industrial Park | QXN91: Bourton on the Water Industrial Park | QYD91: Bourton on the Water Industrial Park | QYT91: Bourton on the Water Industrial Park | QZJ91: Bourton on the Water Industrial Park | QZZ91: Bourton on the Water Industrial Park | RAP91: Bourton on the Water Industrial Park | RBF91: Bourton on the Water Industrial Park | RBV91: Bourton on the Water Industrial Park | RCL91: Bourton on the Water Industrial Park | RDB91: Bourton on the Water Industrial Park | RDR91: Bourton on the Water Industrial Park | REH91: Bourton on the Water Industrial Park | REX91: Bourton on the Water Industrial Park | RFN91: Bourton on the Water Industrial Park | RGD91: Bourton on the Water Industrial Park | RGT91: Bourton on the Water Industrial Park | RHJ91: Bourton on the Water Industrial Park | RHZ91: Bourton on the Water Industrial Park | RIP91: Bourton on the Water Industrial Park | RJF91: Bourton on the Water Industrial Park | RJV91: Bourton on the Water Industrial Park | RKL91: Bourton on the Water Industrial Park | RLB91: Bourton on the Water Industrial Park | RLR91: Bourton on the Water Industrial Park | RMH91: Bourton on the Water Industrial Park | RMX91: Bourton on the Water Industrial Park | RNN91: Bourton on the Water Industrial Park | ROD91: Bourton on the Water Industrial Park | ROT91: Bourton on the Water Industrial Park | RPJ91: Bourton on the Water Industrial Park | RPZ91: Bourton on the Water Industrial Park | RQP91: Bourton on the Water Industrial Park | RRF91: Bourton on the Water Industrial Park | RRV91: Bourton on the Water Industrial Park | RSL91: Bourton on the Water Industrial Park | RTB91: Bourton on the Water Industrial Park | RTR91: Bourton on the Water Industrial Park | RUH91: Bourton on the Water Industrial Park | RUX91: Bourton on the Water Industrial Park | RVN91: Bourton on the Water Industrial Park | RWD91: Bourton on the Water Industrial Park | RWT91: Bourton on the Water Industrial Park | RXJ91: Bourton on the Water Industrial Park | RXZ91: Bourton on the Water Industrial Park | RYP91: Bourton on the Water Industrial Park | RZF91: Bourton on the Water Industrial Park | RZV91: Bourton on the Water Industrial Park | SAL91: Bourton on the Water Industrial Park | SBB91: Bourton on the Water Industrial Park | SBR91: Bourton on the Water Industrial Park | SCH91: Bourton on the Water Industrial Park | SCX91: Bourton on the Water Industrial Park | SDN91: Bourton on the Water Industrial Park | SED91: Bourton on the Water Industrial Park | SET91: Bourton on the Water Industrial Park | SFJ91: Bourton on the Water Industrial Park | SFZ91: Bourton on the Water Industrial Park | SGP91: Bourton on the Water Industrial Park | SHF91: Bourton on the Water Industrial Park | SHV91: Bourton on the Water Industrial Park | SIL91: Bourton on the Water Industrial Park | SJB91: Bourton on the Water Industrial Park | SJR91: Bourton on the Water Industrial Park | SKH91: Bourton on the Water Industrial Park | SKX91: Bourton on the Water Industrial Park | SLN91: Bourton on the Water Industrial Park | SMD91: Bourton on the Water Industrial Park | SMT91: Bourton on the Water Industrial Park | SNJ91: Bourton on the Water Industrial Park | SNZ91: Bourton on the Water Industrial Park | SOP91: Bourton on the Water Industrial Park | SPF91: Bourton on the Water Industrial Park | SPV91: Bourton on the Water Industrial Park | SQL91: Bourton on the Water Industrial Park | SRB91: Bourton on the Water Industrial Park | SRR91: Bourton on the Water Industrial Park | SSH91: Bourton on the Water Industrial Park | SSX91: Bourton on the Water Industrial Park | STN91: Bourton on the Water Industrial Park | SUD91: Bourton on the Water Industrial Park | SUT91: Bourton on the Water Industrial Park | SVJ91: Bourton on the Water Industrial Park | SVZ91: Bourton on the Water Industrial Park | SWP91: Bourton on the Water Industrial Park | SXF91: Bourton on the Water Industrial Park | SXV91: Bourton on the Water Industrial Park | SYL91: Bourton on the Water Industrial Park | SZB91: Bourton on the Water Industrial Park | SZR91: Bourton on the Water Industrial Park | TAH91: Bourton on the Water Industrial Park | TAX91: Bourton on the Water Industrial Park | TBN91: Bourton on the Water Industrial Park | TCD91: Bourton on the Water Industrial Park | TCT91: Bourton on the Water Industrial Park | TDJ91: Bourton on the Water Industrial Park | TDZ91: Bourton on the Water Industrial Park | TEP91: Bourton on the Water Industrial Park | TFF91: Bourton on the Water Industrial Park | TFV91: Bourton on the Water Industrial Park | TGL91: Bourton on the Water Industrial Park | THB91: Bourton on the Water Industrial Park | THR91: Bourton on the Water Industrial Park | TIH91: Bourton on the Water Industrial Park | TIX91: Bourton on the Water Industrial Park | TJN91: Bourton on the Water Industrial Park | TKD91: Bourton on the Water Industrial Park | TKT91: Bourton on the Water Industrial Park | TLJ91: Bourton on the Water Industrial Park | TLZ91: Bourton on the Water Industrial Park | TMP91: Bourton on the Water Industrial Park | TNF91: Bourton on the Water Industrial Park | TNV91: Bourton on the Water Industrial Park | TOL91: Bourton on the Water Industrial Park | TPB91: Bourton on the Water Industrial Park | TPR91: Bourton on the Water Industrial Park | TQH91: Bourton on the Water Industrial Park | TQX91: Bourton on the Water Industrial Park | TRN91: Bourton on the Water Industrial Park | TSD91: Bourton on the Water Industrial Park | TST91: Bourton on the Water Industrial Park | TTJ91: Bourton on the Water Industrial Park | TTZ91: Bourton on the Water Industrial Park | TUP91: Bourton on the Water Industrial Park | TVF91: Bourton on the Water Industrial Park | TVV91: Bourton on the Water Industrial Park | TWL91: Bourton on the Water Industrial Park | TXB91: Bourton on the Water Industrial Park | TXR91: Bourton on the Water Industrial Park | TYH91: Bourton on the Water Industrial Park | TYX91: Bourton on the Water Industrial Park | TZN91: Bourton on the Water Industrial Park | UAD91: Bourton on the Water Industrial Park | UAT91: Bourton on the Water Industrial Park | UBJ91: Bourton on the Water Industrial Park | UBZ91: Bourton on the Water Industrial Park | UCP91: Bourton on the Water Industrial Park | UDF91: Bourton on the Water Industrial Park | UDV91: Bourton on the Water Industrial Park | UEL91: Bourton on the Water Industrial Park | UFB91: Bourton on the Water Industrial Park | UFR91: Bourton on the Water Industrial Park | UGH91: Bourton on the Water Industrial Park | UGX91: Bourton on the Water Industrial Park | UHN91: Bourton on the Water Industrial Park | UID91: Bourton on the Water Industrial Park | UIT91: Bourton on the Water Industrial Park | UJJ91: Bourton on the Water Industrial Park | UJZ91: Bourton on the Water Industrial Park | UKP91: Bourton on the Water Industrial Park | ULF91: Bourton on the Water Industrial Park | ULV91: Bourton on the Water Industrial Park | UML91: Bourton on the Water Industrial Park | UNB91: Bourton on the Water Industrial Park | UNR91: Bourton on the Water Industrial Park | UOH91: Bourton on the Water Industrial Park | UOX91: Bourton on the Water Industrial Park | UPN91: Bourton on the Water Industrial Park | UQD91: Bourton on the Water Industrial Park | UQT91: Bourton on the Water Industrial Park | URJ91: Bourton on the Water Industrial Park | URZ91: Bourton on the Water Industrial Park | USP91: Bourton on the Water Industrial Park | UTF91: Bourton on the Water Industrial Park | UTV91: Bourton on the Water Industrial Park | UUL91: Bourton on the Water Industrial Park | UVB91: Bourton on the Water Industrial Park | UVR91: Bourton on the Water Industrial Park | UWH91: Bourton on the Water Industrial Park | UWX91: Bourton on the Water Industrial Park | UXN91: Bourton on the Water Industrial Park | UYD91: Bourton on the Water Industrial Park | UYT91: Bourton on the Water Industrial Park | UZJ91: Bourton on the Water Industrial Park | UZZ91: Bourton on the Water Industrial Park | VAP91: Bourton on the Water Industrial Park | VBF91: Bourton on the Water Industrial Park | VBV91: Bourton on the Water Industrial Park | VCL91: Bourton on the Water Industrial Park | VDB91: Bourton on the Water Industrial Park | VDR91: Bourton on the Water Industrial Park | VEH91: Bourton on the Water Industrial Park | VEX91: Bourton on the Water Industrial Park | VFN91: Bourton on the Water Industrial Park | VGD91: Bourton on the Water Industrial Park | VGT91: Bourton on the Water Industrial Park | VHJ91: Bourton on the Water Industrial Park | VHZ91: Bourton on the Water Industrial Park | VIP91: Bourton on the Water Industrial Park | VJF91: Bourton on the Water Industrial Park | VJV91: Bourton on the Water Industrial Park | VKL91: Bourton on the Water Industrial Park | VLB91: Bourton on the Water Industrial Park | VLR91: Bourton on the Water Industrial Park | VMH91: Bourton on the Water Industrial Park | VMX91: Bourton on the Water Industrial Park | VNN91: Bourton on the Water Industrial Park | VOD91: Bourton on the Water Industrial Park | VOT91: Bourton on the Water Industrial Park | VPJ91: Bourton on the Water Industrial Park | VPZ91: Bourton on the Water Industrial Park | VQP91: Bourton on the Water Industrial Park | VRF91: Bourton on the Water Industrial Park | VRV91: Bourton on the Water Industrial Park | VSL91: Bourton on the Water Industrial Park | VTB91: Bourton on the Water Industrial Park | VTR91: Bourton on the Water Industrial Park | VUH91: Bourton on the Water Industrial Park | VUX91: Bourton on the Water Industrial Park | VVN91: Bourton on the Water Industrial Park | VWD91: Bourton on the Water Industrial Park | VWT91: Bourton on the Water Industrial Park | VXJ91: Bourton on the Water Industrial Park | VXZ91: Bourton on the Water Industrial Park | VYP91: Bourton on the Water Industrial Park | VZF91: Bourton on the Water Industrial Park | VZV91: Bourton on the Water Industrial Park | WAL91: Bourton on the Water Industrial Park | WBB91: Bourton on the Water Industrial Park | WBR91: Bourton on the Water Industrial Park | WCH91: Bourton on the Water Industrial Park | WCX91: Bourton on the Water Industrial Park | WDN91: Bourton on the Water Industrial Park | WED91: Bourton on the Water Industrial Park | WET91: Bourton on the Water Industrial Park | WFJ91: Bourton on the Water Industrial Park | WFZ91: Bourton on the Water Industrial Park | WGP91: Bourton on the Water Industrial Park | WHF91: Bourton on the Water Industrial Park | WHV91: Bourton on the Water Industrial Park | WIL91: Bourton on the Water Industrial Park | WJB91: Bourton on the Water Industrial Park | WJR91: Bourton on the Water Industrial Park | WKH91: Bourton on the Water Industrial Park | WKX91: Bourton on the Water Industrial Park | WLN91: Bourton on the Water Industrial Park | WMD91: Bourton on the Water Industrial Park | WMT91: Bourton on the Water Industrial Park | WNJ91: Bourton on the Water Industrial Park | WNZ91: Bourton on the Water Industrial Park | WOP91: Bourton on the Water Industrial Park | WPF91: Bourton on the Water Industrial Park | WPV91: Bourton on the Water Industrial Park | WQL91: Bourton on the Water Industrial Park | WRB91: Bourton on the Water Industrial Park | WRR91: Bourton on the Water Industrial Park | WSH91: Bourton on the Water Industrial Park | WSX91: Bourton on the Water Industrial Park | WTN91: Bourton on the Water Industrial Park | WUD91: Bourton on the Water Industrial Park | WUT91: Bourton on the Water Industrial Park | WVJ91: Bourton on the Water Industrial Park | WVZ91: Bourton on the Water Industrial Park | WWP91: Bourton on the Water Industrial Park | WXF91: Bourton on the Water Industrial Park | WXV91: Bourton on the Water Industrial Park | WYL91: Bourton on the Water Industrial Park | WZB91: Bourton on the Water Industrial Park | WZR91: Bourton on the Water Industrial Park | XAH91: Bourton on the Water Industrial Park | XAX91: Bourton on the Water Industrial Park | XBN91: Bourton on the Water Industrial Park | XCD91: Bourton on the Water Industrial Park | XCT91: Bourton on the Water Industrial Park | XDJ91: Bourton on the Water Industrial Park | XDZ91: Bourton on the Water Industrial Park | XEP91: Bourton on the Water Industrial Park
R92: Gloucestershire | AH92: Gloucestershire | AX92: Gloucestershire | BN92: Gloucestershire | CD92: Gloucestershire | CT92: Gloucestershire | DJ92: Gloucestershire | DZ92: Gloucestershire | EP92: Gloucestershire | FF92: Gloucestershire | FV92: Gloucestershire | GL92: Gloucestershire | HB92: Gloucestershire | HR92: Gloucestershire | IH92: Gloucestershire | IX92: Gloucestershire | JN92: Gloucestershire | KD92: Gloucestershire | KT92: Gloucestershire | LJ92: Gloucestershire | LZ92: Gloucestershire | MP92: Gloucestershire | NF92: Gloucestershire | NV92: Gloucestershire | OL92: Gloucestershire | PB92: Gloucestershire | PR92: Gloucestershire | QH92: Gloucestershire | QX92: Gloucestershire | RN92: Gloucestershire | SD92: Gloucestershire | ST92: Gloucestershire | TJ92: Gloucestershire | TZ92: Gloucestershire | UP92: Gloucestershire | VF92: Gloucestershire | VV92: Gloucestershire | WL92: Gloucestershire | XB92: Gloucestershire | XR92: Gloucestershire | YH92: Gloucestershire | YX92: Gloucestershire | ZN92: Gloucestershire | AAD92: Gloucestershire | AAT92: Gloucestershire | ABJ92: Gloucestershire | ABZ92: Gloucestershire | ACP92: Gloucestershire | ADF92: Gloucestershire | ADV92: Gloucestershire | AEL92: Gloucestershire | AFB92: Gloucestershire | AFR92: Gloucestershire | AGH92: Gloucestershire | AGX92: Gloucestershire | AHN92: Gloucestershire | AID92: Gloucestershire | AIT92: Gloucestershire | AJJ92: Gloucestershire | AJZ92: Gloucestershire | AKP92: Gloucestershire | ALF92: Gloucestershire | ALV92: Gloucestershire | AML92: Gloucestershire | ANB92: Gloucestershire | ANR92: Gloucestershire | AOH92: Gloucestershire | AOX92: Gloucestershire | APN92: Gloucestershire | AQD92: Gloucestershire | AQT92: Gloucestershire | ARJ92: Gloucestershire | ARZ92: Gloucestershire | ASP92: Gloucestershire | ATF92: Gloucestershire | ATV92: Gloucestershire | AUL92: Gloucestershire | AVB92: Gloucestershire | AVR92: Gloucestershire | AWH92: Gloucestershire | AWX92: Gloucestershire | AXN92: Gloucestershire | AYD92: Gloucestershire | AYT92: Gloucestershire | AZJ92: Gloucestershire | AZZ92: Gloucestershire | BAP92: Gloucestershire | BBF92: Gloucestershire | BBV92: Gloucestershire | BCL92: Gloucestershire | BDB92: Gloucestershire | BDR92: Gloucestershire | BEH92: Gloucestershire | BEX92: Gloucestershire | BFN92: Gloucestershire | BGD92: Gloucestershire | BGT92: Gloucestershire | BHJ92: Gloucestershire | BHZ92: Gloucestershire | BIP92: Gloucestershire | BJF92: Gloucestershire | BJV92: Gloucestershire | BKL92: Gloucestershire | BLB92: Gloucestershire | BLR92: Gloucestershire | BMH92: Gloucestershire | BMX92: Gloucestershire | BNN92: Gloucestershire | BOD92: Gloucestershire | BOT92: Gloucestershire | BPJ92: Gloucestershire | BPZ92: Gloucestershire | BQP92: Gloucestershire | BRF92: Gloucestershire | BRV92: Gloucestershire | BSL92: Gloucestershire | BTB92: Gloucestershire | BTR92: Gloucestershire | BUH92: Gloucestershire | BUX92: Gloucestershire | BVN92: Gloucestershire | BWD92: Gloucestershire | BWT92: Gloucestershire | BXJ92: Gloucestershire | BXZ92: Gloucestershire | BYP92: Gloucestershire | BZF92: Gloucestershire | BZV92: Gloucestershire | CAL92: Gloucestershire | CBB92: Gloucestershire | CBR92: Gloucestershire | CCH92: Gloucestershire | CCX92: Gloucestershire | CDN92: Gloucestershire | CED92: Gloucestershire | CET92: Gloucestershire | CFJ92: Gloucestershire | CFZ92: Gloucestershire | CGP92: Gloucestershire | CHF92: Gloucestershire | CHV92: Gloucestershire | CIL92: Gloucestershire | CJB92: Gloucestershire | CJR92: Gloucestershire | CKH92: Gloucestershire | CKX92: Gloucestershire | CLN92: Gloucestershire | CMD92: Gloucestershire | CMT92: Gloucestershire | CNJ92: Gloucestershire | CNZ92: Gloucestershire | COP92: Gloucestershire | CPF92: Gloucestershire | CPV92: Gloucestershire | CQL92: Gloucestershire | CRB92: Gloucestershire | CRR92: Gloucestershire | CSH92: Gloucestershire | CSX92: Gloucestershire | CTN92: Gloucestershire | CUD92: Gloucestershire | CUT92: Gloucestershire | CVJ92: Gloucestershire | CVZ92: Gloucestershire | CWP92: Gloucestershire | CXF92: Gloucestershire | CXV92: Gloucestershire | CYL92: Gloucestershire | CZB92: Gloucestershire | CZR92: Gloucestershire | DAH92: Gloucestershire | DAX92: Gloucestershire | DBN92: Gloucestershire | DCD92: Gloucestershire | DCT92: Gloucestershire | DDJ92: Gloucestershire | DDZ92: Gloucestershire | DEP92: Gloucestershire | DFF92: Gloucestershire | DFV92: Gloucestershire | DGL92: Gloucestershire | DHB92: Gloucestershire | DHR92: Gloucestershire | DIH92: Gloucestershire | DIX92: Gloucestershire | DJN92: Gloucestershire | DKD92: Gloucestershire | DKT92: Gloucestershire | DLJ92: Gloucestershire | DLZ92: Gloucestershire | DMP92: Gloucestershire | DNF92: Gloucestershire | DNV92: Gloucestershire | DOL92: Gloucestershire | DPB92: Gloucestershire | DPR92: Gloucestershire | DQH92: Gloucestershire | DQX92: Gloucestershire | DRN92: Gloucestershire | DSD92: Gloucestershire | DST92: Gloucestershire | DTJ92: Gloucestershire | DTZ92: Gloucestershire | DUP92: Gloucestershire | DVF92: Gloucestershire | DVV92: Gloucestershire | DWL92: Gloucestershire | DXB92: Gloucestershire | DXR92: Gloucestershire | DYH92: Gloucestershire | DYX92: Gloucestershire | DZN92: Gloucestershire | EAD92: Gloucestershire | EAT92: Gloucestershire | EBJ92: Gloucestershire | EBZ92: Gloucestershire | ECP92: Gloucestershire | EDF92: Gloucestershire | EDV92: Gloucestershire | EEL92: Gloucestershire | EFB92: Gloucestershire | EFR92: Gloucestershire | EGH92: Gloucestershire | EGX92: Gloucestershire | EHN92: Gloucestershire | EID92: Gloucestershire | EIT92: Gloucestershire | EJJ92: Gloucestershire | EJZ92: Gloucestershire | EKP92: Gloucestershire | ELF92: Gloucestershire | ELV92: Gloucestershire | EML92: Gloucestershire | ENB92: Gloucestershire | ENR92: Gloucestershire | EOH92: Gloucestershire | EOX92: Gloucestershire | EPN92: Gloucestershire | EQD92: Gloucestershire | EQT92: Gloucestershire | ERJ92: Gloucestershire | ERZ92: Gloucestershire | ESP92: Gloucestershire | ETF92: Gloucestershire | ETV92: Gloucestershire | EUL92: Gloucestershire | EVB92: Gloucestershire | EVR92: Gloucestershire | EWH92: Gloucestershire | EWX92: Gloucestershire | EXN92: Gloucestershire | EYD92: Gloucestershire | EYT92: Gloucestershire | EZJ92: Gloucestershire | EZZ92: Gloucestershire | FAP92: Gloucestershire | FBF92: Gloucestershire | FBV92: Gloucestershire | FCL92: Gloucestershire | FDB92: Gloucestershire | FDR92: Gloucestershire | FEH92: Gloucestershire | FEX92: Gloucestershire | FFN92: Gloucestershire | FGD92: Gloucestershire | FGT92: Gloucestershire | FHJ92: Gloucestershire | FHZ92: Gloucestershire | FIP92: Gloucestershire | FJF92: Gloucestershire | FJV92: Gloucestershire | FKL92: Gloucestershire | FLB92: Gloucestershire | FLR92: Gloucestershire | FMH92: Gloucestershire | FMX92: Gloucestershire | FNN92: Gloucestershire | FOD92: Gloucestershire | FOT92: Gloucestershire | FPJ92: Gloucestershire | FPZ92: Gloucestershire | FQP92: Gloucestershire | FRF92: Gloucestershire | FRV92: Gloucestershire | FSL92: Gloucestershire | FTB92: Gloucestershire | FTR92: Gloucestershire | FUH92: Gloucestershire | FUX92: Gloucestershire | FVN92: Gloucestershire | FWD92: Gloucestershire | FWT92: Gloucestershire | FXJ92: Gloucestershire | FXZ92: Gloucestershire | FYP92: Gloucestershire | FZF92: Gloucestershire | FZV92: Gloucestershire | GAL92: Gloucestershire | GBB92: Gloucestershire | GBR92: Gloucestershire | GCH92: Gloucestershire | GCX92: Gloucestershire | GDN92: Gloucestershire | GED92: Gloucestershire | GET92: Gloucestershire | GFJ92: Gloucestershire | GFZ92: Gloucestershire | GGP92: Gloucestershire | GHF92: Gloucestershire | GHV92: Gloucestershire | GIL92: Gloucestershire | GJB92: Gloucestershire | GJR92: Gloucestershire | GKH92: Gloucestershire | GKX92: Gloucestershire | GLN92: Gloucestershire | GMD92: Gloucestershire | GMT92: Gloucestershire | GNJ92: Gloucestershire | GNZ92: Gloucestershire | GOP92: Gloucestershire | GPF92: Gloucestershire | GPV92: Gloucestershire | GQL92: Gloucestershire | GRB92: Gloucestershire | GRR92: Gloucestershire | GSH92: Gloucestershire | GSX92: Gloucestershire | GTN92: Gloucestershire | GUD92: Gloucestershire | GUT92: Gloucestershire | GVJ92: Gloucestershire | GVZ92: Gloucestershire | GWP92: Gloucestershire | GXF92: Gloucestershire | GXV92: Gloucestershire | GYL92: Gloucestershire | GZB92: Gloucestershire | GZR92: Gloucestershire | HAH92: Gloucestershire | HAX92: Gloucestershire | HBN92: Gloucestershire | HCD92: Gloucestershire | HCT92: Gloucestershire | HDJ92: Gloucestershire | HDZ92: Gloucestershire | HEP92: Gloucestershire | HFF92: Gloucestershire | HFV92: Gloucestershire | HGL92: Gloucestershire | HHB92: Gloucestershire | HHR92: Gloucestershire | HIH92: Gloucestershire | HIX92: Gloucestershire | HJN92: Gloucestershire | HKD92: Gloucestershire | HKT92: Gloucestershire | HLJ92: Gloucestershire | HLZ92: Gloucestershire | HMP92: Gloucestershire | HNF92: Gloucestershire | HNV92: Gloucestershire | HOL92: Gloucestershire | HPB92: Gloucestershire | HPR92: Gloucestershire | HQH92: Gloucestershire | HQX92: Gloucestershire | HRN92: Gloucestershire | HSD92: Gloucestershire | HST92: Gloucestershire | HTJ92: Gloucestershire | HTZ92: Gloucestershire | HUP92: Gloucestershire | HVF92: Gloucestershire | HVV92: Gloucestershire | HWL92: Gloucestershire | HXB92: Gloucestershire | HXR92: Gloucestershire | HYH92: Gloucestershire | HYX92: Gloucestershire | HZN92: Gloucestershire | IAD92: Gloucestershire | IAT92: Gloucestershire | IBJ92: Gloucestershire | IBZ92: Gloucestershire | ICP92: Gloucestershire | IDF92: Gloucestershire | IDV92: Gloucestershire | IEL92: Gloucestershire | IFB92: Gloucestershire | IFR92: Gloucestershire | IGH92: Gloucestershire | IGX92: Gloucestershire | IHN92: Gloucestershire | IID92: Gloucestershire | IIT92: Gloucestershire | IJJ92: Gloucestershire | IJZ92: Gloucestershire | IKP92: Gloucestershire | ILF92: Gloucestershire | ILV92: Gloucestershire | IML92: Gloucestershire | INB92: Gloucestershire | INR92: Gloucestershire | IOH92: Gloucestershire | IOX92: Gloucestershire | IPN92: Gloucestershire | IQD92: Gloucestershire | IQT92: Gloucestershire | IRJ92: Gloucestershire | IRZ92: Gloucestershire | ISP92: Gloucestershire | ITF92: Gloucestershire | ITV92: Gloucestershire | IUL92: Gloucestershire | IVB92: Gloucestershire | IVR92: Gloucestershire | IWH92: Gloucestershire | IWX92: Gloucestershire | IXN92: Gloucestershire | IYD92: Gloucestershire | IYT92: Gloucestershire | IZJ92: Gloucestershire | IZZ92: Gloucestershire | JAP92: Gloucestershire | JBF92: Gloucestershire | JBV92: Gloucestershire | JCL92: Gloucestershire | JDB92: Gloucestershire | JDR92: Gloucestershire | JEH92: Gloucestershire | JEX92: Gloucestershire | JFN92: Gloucestershire | JGD92: Gloucestershire | JGT92: Gloucestershire | JHJ92: Gloucestershire | JHZ92: Gloucestershire | JIP92: Gloucestershire | JJF92: Gloucestershire | JJV92: Gloucestershire | JKL92: Gloucestershire | JLB92: Gloucestershire | JLR92: Gloucestershire | JMH92: Gloucestershire | JMX92: Gloucestershire | JNN92: Gloucestershire | JOD92: Gloucestershire | JOT92: Gloucestershire | JPJ92: Gloucestershire | JPZ92: Gloucestershire | JQP92: Gloucestershire | JRF92: Gloucestershire | JRV92: Gloucestershire | JSL92: Gloucestershire | JTB92: Gloucestershire | JTR92: Gloucestershire | JUH92: Gloucestershire | JUX92: Gloucestershire | JVN92: Gloucestershire | JWD92: Gloucestershire | JWT92: Gloucestershire | JXJ92: Gloucestershire | JXZ92: Gloucestershire | JYP92: Gloucestershire | JZF92: Gloucestershire | JZV92: Gloucestershire | KAL92: Gloucestershire | KBB92: Gloucestershire | KBR92: Gloucestershire | KCH92: Gloucestershire | KCX92: Gloucestershire | KDN92: Gloucestershire | KED92: Gloucestershire | KET92: Gloucestershire | KFJ92: Gloucestershire | KFZ92: Gloucestershire | KGP92: Gloucestershire | KHF92: Gloucestershire | KHV92: Gloucestershire | KIL92: Gloucestershire | KJB92: Gloucestershire | KJR92: Gloucestershire | KKH92: Gloucestershire | KKX92: Gloucestershire | KLN92: Gloucestershire | KMD92: Gloucestershire | KMT92: Gloucestershire | KNJ92: Gloucestershire | KNZ92: Gloucestershire | KOP92: Gloucestershire | KPF92: Gloucestershire | KPV92: Gloucestershire | KQL92: Gloucestershire | KRB92: Gloucestershire | KRR92: Gloucestershire | KSH92: Gloucestershire | KSX92: Gloucestershire | KTN92: Gloucestershire | KUD92: Gloucestershire | KUT92: Gloucestershire | KVJ92: Gloucestershire | KVZ92: Gloucestershire | KWP92: Gloucestershire | KXF92: Gloucestershire | KXV92: Gloucestershire | KYL92: Gloucestershire | KZB92: Gloucestershire | KZR92: Gloucestershire | LAH92: Gloucestershire | LAX92: Gloucestershire | LBN92: Gloucestershire | LCD92: Gloucestershire | LCT92: Gloucestershire | LDJ92: Gloucestershire | LDZ92: Gloucestershire | LEP92: Gloucestershire | LFF92: Gloucestershire | LFV92: Gloucestershire | LGL92: Gloucestershire | LHB92: Gloucestershire | LHR92: Gloucestershire | LIH92: Gloucestershire | LIX92: Gloucestershire | LJN92: Gloucestershire | LKD92: Gloucestershire | LKT92: Gloucestershire | LLJ92: Gloucestershire | LLZ92: Gloucestershire | LMP92: Gloucestershire | LNF92: Gloucestershire | LNV92: Gloucestershire | LOL92: Gloucestershire | LPB92: Gloucestershire | LPR92: Gloucestershire | LQH92: Gloucestershire | LQX92: Gloucestershire | LRN92: Gloucestershire | LSD92: Gloucestershire | LST92: Gloucestershire | LTJ92: Gloucestershire | LTZ92: Gloucestershire | LUP92: Gloucestershire | LVF92: Gloucestershire | LVV92: Gloucestershire | LWL92: Gloucestershire | LXB92: Gloucestershire | LXR92: Gloucestershire | LYH92: Gloucestershire | LYX92: Gloucestershire | LZN92: Gloucestershire | MAD92: Gloucestershire | MAT92: Gloucestershire | MBJ92: Gloucestershire | MBZ92: Gloucestershire | MCP92: Gloucestershire | MDF92: Gloucestershire | MDV92: Gloucestershire | MEL92: Gloucestershire | MFB92: Gloucestershire | MFR92: Gloucestershire | MGH92: Gloucestershire | MGX92: Gloucestershire | MHN92: Gloucestershire | MID92: Gloucestershire | MIT92: Gloucestershire | MJJ92: Gloucestershire | MJZ92: Gloucestershire | MKP92: Gloucestershire | MLF92: Gloucestershire | MLV92: Gloucestershire | MML92: Gloucestershire | MNB92: Gloucestershire | MNR92: Gloucestershire | MOH92: Gloucestershire | MOX92: Gloucestershire | MPN92: Gloucestershire | MQD92: Gloucestershire | MQT92: Gloucestershire | MRJ92: Gloucestershire | MRZ92: Gloucestershire | MSP92: Gloucestershire | MTF92: Gloucestershire | MTV92: Gloucestershire | MUL92: Gloucestershire | MVB92: Gloucestershire | MVR92: Gloucestershire | MWH92: Gloucestershire | MWX92: Gloucestershire | MXN92: Gloucestershire | MYD92: Gloucestershire | MYT92: Gloucestershire | MZJ92: Gloucestershire | MZZ92: Gloucestershire | NAP92: Gloucestershire | NBF92: Gloucestershire | NBV92: Gloucestershire | NCL92: Gloucestershire | NDB92: Gloucestershire | NDR92: Gloucestershire | NEH92: Gloucestershire | NEX92: Gloucestershire | NFN92: Gloucestershire | NGD92: Gloucestershire | NGT92: Gloucestershire | NHJ92: Gloucestershire | NHZ92: Gloucestershire | NIP92: Gloucestershire | NJF92: Gloucestershire | NJV92: Gloucestershire | NKL92: Gloucestershire | NLB92: Gloucestershire | NLR92: Gloucestershire | NMH92: Gloucestershire | NMX92: Gloucestershire | NNN92: Gloucestershire | NOD92: Gloucestershire | NOT92: Gloucestershire | NPJ92: Gloucestershire | NPZ92: Gloucestershire | NQP92: Gloucestershire | NRF92: Gloucestershire | NRV92: Gloucestershire | NSL92: Gloucestershire | NTB92: Gloucestershire | NTR92: Gloucestershire | NUH92: Gloucestershire | NUX92: Gloucestershire | NVN92: Gloucestershire | NWD92: Gloucestershire | NWT92: Gloucestershire | NXJ92: Gloucestershire | NXZ92: Gloucestershire | NYP92: Gloucestershire | NZF92: Gloucestershire | NZV92: Gloucestershire | OAL92: Gloucestershire | OBB92: Gloucestershire | OBR92: Gloucestershire | OCH92: Gloucestershire | OCX92: Gloucestershire | ODN92: Gloucestershire | OED92: Gloucestershire | OET92: Gloucestershire | OFJ92: Gloucestershire | OFZ92: Gloucestershire | OGP92: Gloucestershire | OHF92: Gloucestershire | OHV92: Gloucestershire | OIL92: Gloucestershire | OJB92: Gloucestershire | OJR92: Gloucestershire | OKH92: Gloucestershire | OKX92: Gloucestershire | OLN92: Gloucestershire | OMD92: Gloucestershire | OMT92: Gloucestershire | ONJ92: Gloucestershire | ONZ92: Gloucestershire | OOP92: Gloucestershire | OPF92: Gloucestershire | OPV92: Gloucestershire | OQL92: Gloucestershire | ORB92: Gloucestershire | ORR92: Gloucestershire | OSH92: Gloucestershire | OSX92: Gloucestershire | OTN92: Gloucestershire | OUD92: Gloucestershire | OUT92: Gloucestershire | OVJ92: Gloucestershire | OVZ92: Gloucestershire | OWP92: Gloucestershire | OXF92: Gloucestershire | OXV92: Gloucestershire | OYL92: Gloucestershire | OZB92: Gloucestershire | OZR92: Gloucestershire | PAH92: Gloucestershire | PAX92: Gloucestershire | PBN92: Gloucestershire | PCD92: Gloucestershire | PCT92: Gloucestershire | PDJ92: Gloucestershire | PDZ92: Gloucestershire | PEP92: Gloucestershire | PFF92: Gloucestershire | PFV92: Gloucestershire | PGL92: Gloucestershire | PHB92: Gloucestershire | PHR92: Gloucestershire | PIH92: Gloucestershire | PIX92: Gloucestershire | PJN92: Gloucestershire | PKD92: Gloucestershire | PKT92: Gloucestershire | PLJ92: Gloucestershire | PLZ92: Gloucestershire | PMP92: Gloucestershire | PNF92: Gloucestershire | PNV92: Gloucestershire | POL92: Gloucestershire | PPB92: Gloucestershire | PPR92: Gloucestershire | PQH92: Gloucestershire | PQX92: Gloucestershire | PRN92: Gloucestershire | PSD92: Gloucestershire | PST92: Gloucestershire | PTJ92: Gloucestershire | PTZ92: Gloucestershire | PUP92: Gloucestershire | PVF92: Gloucestershire | PVV92: Gloucestershire | PWL92: Gloucestershire | PXB92: Gloucestershire | PXR92: Gloucestershire | PYH92: Gloucestershire | PYX92: Gloucestershire | PZN92: Gloucestershire | QAD92: Gloucestershire | QAT92: Gloucestershire | QBJ92: Gloucestershire | QBZ92: Gloucestershire | QCP92: Gloucestershire | QDF92: Gloucestershire | QDV92: Gloucestershire | QEL92: Gloucestershire | QFB92: Gloucestershire | QFR92: Gloucestershire | QGH92: Gloucestershire | QGX92: Gloucestershire | QHN92: Gloucestershire | QID92: Gloucestershire | QIT92: Gloucestershire | QJJ92: Gloucestershire | QJZ92: Gloucestershire | QKP92: Gloucestershire | QLF92: Gloucestershire | QLV92: Gloucestershire | QML92: Gloucestershire | QNB92: Gloucestershire | QNR92: Gloucestershire | QOH92: Gloucestershire | QOX92: Gloucestershire | QPN92: Gloucestershire | QQD92: Gloucestershire | QQT92: Gloucestershire | QRJ92: Gloucestershire | QRZ92: Gloucestershire | QSP92: Gloucestershire | QTF92: Gloucestershire | QTV92: Gloucestershire | QUL92: Gloucestershire | QVB92: Gloucestershire | QVR92: Gloucestershire | QWH92: Gloucestershire | QWX92: Gloucestershire | QXN92: Gloucestershire | QYD92: Gloucestershire | QYT92: Gloucestershire | QZJ92: Gloucestershire | QZZ92: Gloucestershire | RAP92: Gloucestershire | RBF92: Gloucestershire | RBV92: Gloucestershire | RCL92: Gloucestershire | RDB92: Gloucestershire | RDR92: Gloucestershire | REH92: Gloucestershire | REX92: Gloucestershire | RFN92: Gloucestershire | RGD92: Gloucestershire | RGT92: Gloucestershire | RHJ92: Gloucestershire | RHZ92: Gloucestershire | RIP92: Gloucestershire | RJF92: Gloucestershire | RJV92: Gloucestershire | RKL92: Gloucestershire | RLB92: Gloucestershire | RLR92: Gloucestershire | RMH92: Gloucestershire | RMX92: Gloucestershire | RNN92: Gloucestershire | ROD92: Gloucestershire | ROT92: Gloucestershire | RPJ92: Gloucestershire | RPZ92: Gloucestershire | RQP92: Gloucestershire | RRF92: Gloucestershire | RRV92: Gloucestershire | RSL92: Gloucestershire | RTB92: Gloucestershire | RTR92: Gloucestershire | RUH92: Gloucestershire | RUX92: Gloucestershire | RVN92: Gloucestershire | RWD92: Gloucestershire | RWT92: Gloucestershire | RXJ92: Gloucestershire | RXZ92: Gloucestershire | RYP92: Gloucestershire | RZF92: Gloucestershire | RZV92: Gloucestershire | SAL92: Gloucestershire | SBB92: Gloucestershire | SBR92: Gloucestershire | SCH92: Gloucestershire | SCX92: Gloucestershire | SDN92: Gloucestershire | SED92: Gloucestershire | SET92: Gloucestershire | SFJ92: Gloucestershire | SFZ92: Gloucestershire | SGP92: Gloucestershire | SHF92: Gloucestershire | SHV92: Gloucestershire | SIL92: Gloucestershire | SJB92: Gloucestershire | SJR92: Gloucestershire | SKH92: Gloucestershire | SKX92: Gloucestershire | SLN92: Gloucestershire | SMD92: Gloucestershire | SMT92: Gloucestershire | SNJ92: Gloucestershire | SNZ92: Gloucestershire | SOP92: Gloucestershire | SPF92: Gloucestershire | SPV92: Gloucestershire | SQL92: Gloucestershire | SRB92: Gloucestershire | SRR92: Gloucestershire | SSH92: Gloucestershire | SSX92: Gloucestershire | STN92: Gloucestershire | SUD92: Gloucestershire | SUT92: Gloucestershire | SVJ92: Gloucestershire | SVZ92: Gloucestershire | SWP92: Gloucestershire | SXF92: Gloucestershire | SXV92: Gloucestershire | SYL92: Gloucestershire | SZB92: Gloucestershire | SZR92: Gloucestershire | TAH92: Gloucestershire | TAX92: Gloucestershire | TBN92: Gloucestershire | TCD92: Gloucestershire | TCT92: Gloucestershire | TDJ92: Gloucestershire | TDZ92: Gloucestershire | TEP92: Gloucestershire | TFF92: Gloucestershire | TFV92: Gloucestershire | TGL92: Gloucestershire | THB92: Gloucestershire | THR92: Gloucestershire | TIH92: Gloucestershire | TIX92: Gloucestershire | TJN92: Gloucestershire | TKD92: Gloucestershire | TKT92: Gloucestershire | TLJ92: Gloucestershire | TLZ92: Gloucestershire | TMP92: Gloucestershire | TNF92: Gloucestershire | TNV92: Gloucestershire | TOL92: Gloucestershire | TPB92: Gloucestershire | TPR92: Gloucestershire | TQH92: Gloucestershire | TQX92: Gloucestershire | TRN92: Gloucestershire | TSD92: Gloucestershire | TST92: Gloucestershire | TTJ92: Gloucestershire | TTZ92: Gloucestershire | TUP92: Gloucestershire | TVF92: Gloucestershire | TVV92: Gloucestershire | TWL92: Gloucestershire | TXB92: Gloucestershire | TXR92: Gloucestershire | TYH92: Gloucestershire | TYX92: Gloucestershire | TZN92: Gloucestershire | UAD92: Gloucestershire | UAT92: Gloucestershire | UBJ92: Gloucestershire | UBZ92: Gloucestershire | UCP92: Gloucestershire | UDF92: Gloucestershire | UDV92: Gloucestershire | UEL92: Gloucestershire | UFB92: Gloucestershire | UFR92: Gloucestershire | UGH92: Gloucestershire | UGX92: Gloucestershire | UHN92: Gloucestershire | UID92: Gloucestershire | UIT92: Gloucestershire | UJJ92: Gloucestershire | UJZ92: Gloucestershire | UKP92: Gloucestershire | ULF92: Gloucestershire | ULV92: Gloucestershire | UML92: Gloucestershire | UNB92: Gloucestershire | UNR92: Gloucestershire | UOH92: Gloucestershire | UOX92: Gloucestershire | UPN92: Gloucestershire | UQD92: Gloucestershire | UQT92: Gloucestershire | URJ92: Gloucestershire | URZ92: Gloucestershire | USP92: Gloucestershire | UTF92: Gloucestershire | UTV92: Gloucestershire | UUL92: Gloucestershire | UVB92: Gloucestershire | UVR92: Gloucestershire | UWH92: Gloucestershire | UWX92: Gloucestershire | UXN92: Gloucestershire | UYD92: Gloucestershire | UYT92: Gloucestershire | UZJ92: Gloucestershire | UZZ92: Gloucestershire | VAP92: Gloucestershire | VBF92: Gloucestershire | VBV92: Gloucestershire | VCL92: Gloucestershire | VDB92: Gloucestershire | VDR92: Gloucestershire | VEH92: Gloucestershire | VEX92: Gloucestershire | VFN92: Gloucestershire | VGD92: Gloucestershire | VGT92: Gloucestershire | VHJ92: Gloucestershire | VHZ92: Gloucestershire | VIP92: Gloucestershire | VJF92: Gloucestershire | VJV92: Gloucestershire | VKL92: Gloucestershire | VLB92: Gloucestershire | VLR92: Gloucestershire | VMH92: Gloucestershire | VMX92: Gloucestershire | VNN92: Gloucestershire | VOD92: Gloucestershire | VOT92: Gloucestershire | VPJ92: Gloucestershire | VPZ92: Gloucestershire | VQP92: Gloucestershire | VRF92: Gloucestershire | VRV92: Gloucestershire | VSL92: Gloucestershire | VTB92: Gloucestershire | VTR92: Gloucestershire | VUH92: Gloucestershire | VUX92: Gloucestershire | VVN92: Gloucestershire | VWD92: Gloucestershire | VWT92: Gloucestershire | VXJ92: Gloucestershire | VXZ92: Gloucestershire | VYP92: Gloucestershire | VZF92: Gloucestershire | VZV92: Gloucestershire | WAL92: Gloucestershire | WBB92: Gloucestershire | WBR92: Gloucestershire | WCH92: Gloucestershire | WCX92: Gloucestershire | WDN92: Gloucestershire | WED92: Gloucestershire | WET92: Gloucestershire | WFJ92: Gloucestershire | WFZ92: Gloucestershire | WGP92: Gloucestershire | WHF92: Gloucestershire | WHV92: Gloucestershire | WIL92: Gloucestershire | WJB92: Gloucestershire | WJR92: Gloucestershire | WKH92: Gloucestershire | WKX92: Gloucestershire | WLN92: Gloucestershire | WMD92: Gloucestershire | WMT92: Gloucestershire | WNJ92: Gloucestershire | WNZ92: Gloucestershire | WOP92: Gloucestershire | WPF92: Gloucestershire | WPV92: Gloucestershire | WQL92: Gloucestershire | WRB92: Gloucestershire | WRR92: Gloucestershire | WSH92: Gloucestershire | WSX92: Gloucestershire | WTN92: Gloucestershire | WUD92: Gloucestershire | WUT92: Gloucestershire | WVJ92: Gloucestershire | WVZ92: Gloucestershire | WWP92: Gloucestershire | WXF92: Gloucestershire | WXV92: Gloucestershire | WYL92: Gloucestershire | WZB92: Gloucestershire | WZR92: Gloucestershire | XAH92: Gloucestershire | XAX92: Gloucestershire | XBN92: Gloucestershire | XCD92: Gloucestershire | XCT92: Gloucestershire | XDJ92: Gloucestershire | XDZ92: Gloucestershire | XEP92: Gloucestershire
R93: England | AH93: England | AX93: England | BN93: England | CD93: England | CT93: England | DJ93: England | DZ93: England | EP93: England | FF93: England | FV93: England | GL93: England | HB93: England | HR93: England | IH93: England | IX93: England | JN93: England | KD93: England | KT93: England | LJ93: England | LZ93: England | MP93: England | NF93: England | NV93: England | OL93: England | PB93: England | PR93: England | QH93: England | QX93: England | RN93: England | SD93: England | ST93: England | TJ93: England | TZ93: England | UP93: England | VF93: England | VV93: England | WL93: England | XB93: England | XR93: England | YH93: England | YX93: England | ZN93: England | AAD93: England | AAT93: England | ABJ93: England | ABZ93: England | ACP93: England | ADF93: England | ADV93: England | AEL93: England | AFB93: England | AFR93: England | AGH93: England | AGX93: England | AHN93: England | AID93: England | AIT93: England | AJJ93: England | AJZ93: England | AKP93: England | ALF93: England | ALV93: England | AML93: England | ANB93: England | ANR93: England | AOH93: England | AOX93: England | APN93: England | AQD93: England | AQT93: England | ARJ93: England | ARZ93: England | ASP93: England | ATF93: England | ATV93: England | AUL93: England | AVB93: England | AVR93: England | AWH93: England | AWX93: England | AXN93: England | AYD93: England | AYT93: England | AZJ93: England | AZZ93: England | BAP93: England | BBF93: England | BBV93: England | BCL93: England | BDB93: England | BDR93: England | BEH93: England | BEX93: England | BFN93: England | BGD93: England | BGT93: England | BHJ93: England | BHZ93: England | BIP93: England | BJF93: England | BJV93: England | BKL93: England | BLB93: England | BLR93: England | BMH93: England | BMX93: England | BNN93: England | BOD93: England | BOT93: England | BPJ93: England | BPZ93: England | BQP93: England | BRF93: England | BRV93: England | BSL93: England | BTB93: England | BTR93: England | BUH93: England | BUX93: England | BVN93: England | BWD93: England | BWT93: England | BXJ93: England | BXZ93: England | BYP93: England | BZF93: England | BZV93: England | CAL93: England | CBB93: England | CBR93: England | CCH93: England | CCX93: England | CDN93: England | CED93: England | CET93: England | CFJ93: England | CFZ93: England | CGP93: England | CHF93: England | CHV93: England | CIL93: England | CJB93: England | CJR93: England | CKH93: England | CKX93: England | CLN93: England | CMD93: England | CMT93: England | CNJ93: England | CNZ93: England | COP93: England | CPF93: England | CPV93: England | CQL93: England | CRB93: England | CRR93: England | CSH93: England | CSX93: England | CTN93: England | CUD93: England | CUT93: England | CVJ93: England | CVZ93: England | CWP93: England | CXF93: England | CXV93: England | CYL93: England | CZB93: England | CZR93: England | DAH93: England | DAX93: England | DBN93: England | DCD93: England | DCT93: England | DDJ93: England | DDZ93: England | DEP93: England | DFF93: England | DFV93: England | DGL93: England | DHB93: England | DHR93: England | DIH93: England | DIX93: England | DJN93: England | DKD93: England | DKT93: England | DLJ93: England | DLZ93: England | DMP93: England | DNF93: England | DNV93: England | DOL93: England | DPB93: England | DPR93: England | DQH93: England | DQX93: England | DRN93: England | DSD93: England | DST93: England | DTJ93: England | DTZ93: England | DUP93: England | DVF93: England | DVV93: England | DWL93: England | DXB93: England | DXR93: England | DYH93: England | DYX93: England | DZN93: England | EAD93: England | EAT93: England | EBJ93: England | EBZ93: England | ECP93: England | EDF93: England | EDV93: England | EEL93: England | EFB93: England | EFR93: England | EGH93: England | EGX93: England | EHN93: England | EID93: England | EIT93: England | EJJ93: England | EJZ93: England | EKP93: England | ELF93: England | ELV93: England | EML93: England | ENB93: England | ENR93: England | EOH93: England | EOX93: England | EPN93: England | EQD93: England | EQT93: England | ERJ93: England | ERZ93: England | ESP93: England | ETF93: England | ETV93: England | EUL93: England | EVB93: England | EVR93: England | EWH93: England | EWX93: England | EXN93: England | EYD93: England | EYT93: England | EZJ93: England | EZZ93: England | FAP93: England | FBF93: England | FBV93: England | FCL93: England | FDB93: England | FDR93: England | FEH93: England | FEX93: England | FFN93: England | FGD93: England | FGT93: England | FHJ93: England | FHZ93: England | FIP93: England | FJF93: England | FJV93: England | FKL93: England | FLB93: England | FLR93: England | FMH93: England | FMX93: England | FNN93: England | FOD93: England | FOT93: England | FPJ93: England | FPZ93: England | FQP93: England | FRF93: England | FRV93: England | FSL93: England | FTB93: England | FTR93: England | FUH93: England | FUX93: England | FVN93: England | FWD93: England | FWT93: England | FXJ93: England | FXZ93: England | FYP93: England | FZF93: England | FZV93: England | GAL93: England | GBB93: England | GBR93: England | GCH93: England | GCX93: England | GDN93: England | GED93: England | GET93: England | GFJ93: England | GFZ93: England | GGP93: England | GHF93: England | GHV93: England | GIL93: England | GJB93: England | GJR93: England | GKH93: England | GKX93: England | GLN93: England | GMD93: England | GMT93: England | GNJ93: England | GNZ93: England | GOP93: England | GPF93: England | GPV93: England | GQL93: England | GRB93: England | GRR93: England | GSH93: England | GSX93: England | GTN93: England | GUD93: England | GUT93: England | GVJ93: England | GVZ93: England | GWP93: England | GXF93: England | GXV93: England | GYL93: England | GZB93: England | GZR93: England | HAH93: England | HAX93: England | HBN93: England | HCD93: England | HCT93: England | HDJ93: England | HDZ93: England | HEP93: England | HFF93: England | HFV93: England | HGL93: England | HHB93: England | HHR93: England | HIH93: England | HIX93: England | HJN93: England | HKD93: England | HKT93: England | HLJ93: England | HLZ93: England | HMP93: England | HNF93: England | HNV93: England | HOL93: England | HPB93: England | HPR93: England | HQH93: England | HQX93: England | HRN93: England | HSD93: England | HST93: England | HTJ93: England | HTZ93: England | HUP93: England | HVF93: England | HVV93: England | HWL93: England | HXB93: England | HXR93: England | HYH93: England | HYX93: England | HZN93: England | IAD93: England | IAT93: England | IBJ93: England | IBZ93: England | ICP93: England | IDF93: England | IDV93: England | IEL93: England | IFB93: England | IFR93: England | IGH93: England | IGX93: England | IHN93: England | IID93: England | IIT93: England | IJJ93: England | IJZ93: England | IKP93: England | ILF93: England | ILV93: England | IML93: England | INB93: England | INR93: England | IOH93: England | IOX93: England | IPN93: England | IQD93: England | IQT93: England | IRJ93: England | IRZ93: England | ISP93: England | ITF93: England | ITV93: England | IUL93: England | IVB93: England | IVR93: England | IWH93: England | IWX93: England | IXN93: England | IYD93: England | IYT93: England | IZJ93: England | IZZ93: England | JAP93: England | JBF93: England | JBV93: England | JCL93: England | JDB93: England | JDR93: England | JEH93: England | JEX93: England | JFN93: England | JGD93: England | JGT93: England | JHJ93: England | JHZ93: England | JIP93: England | JJF93: England | JJV93: England | JKL93: England | JLB93: England | JLR93: England | JMH93: England | JMX93: England | JNN93: England | JOD93: England | JOT93: England | JPJ93: England | JPZ93: England | JQP93: England | JRF93: England | JRV93: England | JSL93: England | JTB93: England | JTR93: England | JUH93: England | JUX93: England | JVN93: England | JWD93: England | JWT93: England | JXJ93: England | JXZ93: England | JYP93: England | JZF93: England | JZV93: England | KAL93: England | KBB93: England | KBR93: England | KCH93: England | KCX93: England | KDN93: England | KED93: England | KET93: England | KFJ93: England | KFZ93: England | KGP93: England | KHF93: England | KHV93: England | KIL93: England | KJB93: England | KJR93: England | KKH93: England | KKX93: England | KLN93: England | KMD93: England | KMT93: England | KNJ93: England | KNZ93: England | KOP93: England | KPF93: England | KPV93: England | KQL93: England | KRB93: England | KRR93: England | KSH93: England | KSX93: England | KTN93: England | KUD93: England | KUT93: England | KVJ93: England | KVZ93: England | KWP93: England | KXF93: England | KXV93: England | KYL93: England | KZB93: England | KZR93: England | LAH93: England | LAX93: England | LBN93: England | LCD93: England | LCT93: England | LDJ93: England | LDZ93: England | LEP93: England | LFF93: England | LFV93: England | LGL93: England | LHB93: England | LHR93: England | LIH93: England | LIX93: England | LJN93: England | LKD93: England | LKT93: England | LLJ93: England | LLZ93: England | LMP93: England | LNF93: England | LNV93: England | LOL93: England | LPB93: England | LPR93: England | LQH93: England | LQX93: England | LRN93: England | LSD93: England | LST93: England | LTJ93: England | LTZ93: England | LUP93: England | LVF93: England | LVV93: England | LWL93: England | LXB93: England | LXR93: England | LYH93: England | LYX93: England | LZN93: England | MAD93: England | MAT93: England | MBJ93: England | MBZ93: England | MCP93: England | MDF93: England | MDV93: England | MEL93: England | MFB93: England | MFR93: England | MGH93: England | MGX93: England | MHN93: England | MID93: England | MIT93: England | MJJ93: England | MJZ93: England | MKP93: England | MLF93: England | MLV93: England | MML93: England | MNB93: England | MNR93: England | MOH93: England | MOX93: England | MPN93: England | MQD93: England | MQT93: England | MRJ93: England | MRZ93: England | MSP93: England | MTF93: England | MTV93: England | MUL93: England | MVB93: England | MVR93: England | MWH93: England | MWX93: England | MXN93: England | MYD93: England | MYT93: England | MZJ93: England | MZZ93: England | NAP93: England | NBF93: England | NBV93: England | NCL93: England | NDB93: England | NDR93: England | NEH93: England | NEX93: England | NFN93: England | NGD93: England | NGT93: England | NHJ93: England | NHZ93: England | NIP93: England | NJF93: England | NJV93: England | NKL93: England | NLB93: England | NLR93: England | NMH93: England | NMX93: England | NNN93: England | NOD93: England | NOT93: England | NPJ93: England | NPZ93: England | NQP93: England | NRF93: England | NRV93: England | NSL93: England | NTB93: England | NTR93: England | NUH93: England | NUX93: England | NVN93: England | NWD93: England | NWT93: England | NXJ93: England | NXZ93: England | NYP93: England | NZF93: England | NZV93: England | OAL93: England | OBB93: England | OBR93: England | OCH93: England | OCX93: England | ODN93: England | OED93: England | OET93: England | OFJ93: England | OFZ93: England | OGP93: England | OHF93: England | OHV93: England | OIL93: England | OJB93: England | OJR93: England | OKH93: England | OKX93: England | OLN93: England | OMD93: England | OMT93: England | ONJ93: England | ONZ93: England | OOP93: England | OPF93: England | OPV93: England | OQL93: England | ORB93: England | ORR93: England | OSH93: England | OSX93: England | OTN93: England | OUD93: England | OUT93: England | OVJ93: England | OVZ93: England | OWP93: England | OXF93: England | OXV93: England | OYL93: England | OZB93: England | OZR93: England | PAH93: England | PAX93: England | PBN93: England | PCD93: England | PCT93: England | PDJ93: England | PDZ93: England | PEP93: England | PFF93: England | PFV93: England | PGL93: England | PHB93: England | PHR93: England | PIH93: England | PIX93: England | PJN93: England | PKD93: England | PKT93: England | PLJ93: England | PLZ93: England | PMP93: England | PNF93: England | PNV93: England | POL93: England | PPB93: England | PPR93: England | PQH93: England | PQX93: England | PRN93: England | PSD93: England | PST93: England | PTJ93: England | PTZ93: England | PUP93: England | PVF93: England | PVV93: England | PWL93: England | PXB93: England | PXR93: England | PYH93: England | PYX93: England | PZN93: England | QAD93: England | QAT93: England | QBJ93: England | QBZ93: England | QCP93: England | QDF93: England | QDV93: England | QEL93: England | QFB93: England | QFR93: England | QGH93: England | QGX93: England | QHN93: England | QID93: England | QIT93: England | QJJ93: England | QJZ93: England | QKP93: England | QLF93: England | QLV93: England | QML93: England | QNB93: England | QNR93: England | QOH93: England | QOX93: England | QPN93: England | QQD93: England | QQT93: England | QRJ93: England | QRZ93: England | QSP93: England | QTF93: England | QTV93: England | QUL93: England | QVB93: England | QVR93: England | QWH93: England | QWX93: England | QXN93: England | QYD93: England | QYT93: England | QZJ93: England | QZZ93: England | RAP93: England | RBF93: England | RBV93: England | RCL93: England | RDB93: England | RDR93: England | REH93: England | REX93: England | RFN93: England | RGD93: England | RGT93: England | RHJ93: England | RHZ93: England | RIP93: England | RJF93: England | RJV93: England | RKL93: England | RLB93: England | RLR93: England | RMH93: England | RMX93: England | RNN93: England | ROD93: England | ROT93: England | RPJ93: England | RPZ93: England | RQP93: England | RRF93: England | RRV93: England | RSL93: England | RTB93: England | RTR93: England | RUH93: England | RUX93: England | RVN93: England | RWD93: England | RWT93: England | RXJ93: England | RXZ93: England | RYP93: England | RZF93: England | RZV93: England | SAL93: England | SBB93: England | SBR93: England | SCH93: England | SCX93: England | SDN93: England | SED93: England | SET93: England | SFJ93: England | SFZ93: England | SGP93: England | SHF93: England | SHV93: England | SIL93: England | SJB93: England | SJR93: England | SKH93: England | SKX93: England | SLN93: England | SMD93: England | SMT93: England | SNJ93: England | SNZ93: England | SOP93: England | SPF93: England | SPV93: England | SQL93: England | SRB93: England | SRR93: England | SSH93: England | SSX93: England | STN93: England | SUD93: England | SUT93: England | SVJ93: England | SVZ93: England | SWP93: England | SXF93: England | SXV93: England | SYL93: England | SZB93: England | SZR93: England | TAH93: England | TAX93: England | TBN93: England | TCD93: England | TCT93: England | TDJ93: England | TDZ93: England | TEP93: England | TFF93: England | TFV93: England | TGL93: England | THB93: England | THR93: England | TIH93: England | TIX93: England | TJN93: England | TKD93: England | TKT93: England | TLJ93: England | TLZ93: England | TMP93: England | TNF93: England | TNV93: England | TOL93: England | TPB93: England | TPR93: England | TQH93: England | TQX93: England | TRN93: England | TSD93: England | TST93: England | TTJ93: England | TTZ93: England | TUP93: England | TVF93: England | TVV93: England | TWL93: England | TXB93: England | TXR93: England | TYH93: England | TYX93: England | TZN93: England | UAD93: England | UAT93: England | UBJ93: England | UBZ93: England | UCP93: England | UDF93: England | UDV93: England | UEL93: England | UFB93: England | UFR93: England | UGH93: England | UGX93: England | UHN93: England | UID93: England | UIT93: England | UJJ93: England | UJZ93: England | UKP93: England | ULF93: England | ULV93: England | UML93: England | UNB93: England | UNR93: England | UOH93: England | UOX93: England | UPN93: England | UQD93: England | UQT93: England | URJ93: England | URZ93: England | USP93: England | UTF93: England | UTV93: England | UUL93: England | UVB93: England | UVR93: England | UWH93: England | UWX93: England | UXN93: England | UYD93: England | UYT93: England | UZJ93: England | UZZ93: England | VAP93: England | VBF93: England | VBV93: England | VCL93: England | VDB93: England | VDR93: England | VEH93: England | VEX93: England | VFN93: England | VGD93: England | VGT93: England | VHJ93: England | VHZ93: England | VIP93: England | VJF93: England | VJV93: England | VKL93: England | VLB93: England | VLR93: England | VMH93: England | VMX93: England | VNN93: England | VOD93: England | VOT93: England | VPJ93: England | VPZ93: England | VQP93: England | VRF93: England | VRV93: England | VSL93: England | VTB93: England | VTR93: England | VUH93: England | VUX93: England | VVN93: England | VWD93: England | VWT93: England | VXJ93: England | VXZ93: England | VYP93: England | VZF93: England | VZV93: England | WAL93: England | WBB93: England | WBR93: England | WCH93: England | WCX93: England | WDN93: England | WED93: England | WET93: England | WFJ93: England | WFZ93: England | WGP93: England | WHF93: England | WHV93: England | WIL93: England | WJB93: England | WJR93: England | WKH93: England | WKX93: England | WLN93: England | WMD93: England | WMT93: England | WNJ93: England | WNZ93: England | WOP93: England | WPF93: England | WPV93: England | WQL93: England | WRB93: England | WRR93: England | WSH93: England | WSX93: England | WTN93: England | WUD93: England | WUT93: England | WVJ93: England | WVZ93: England | WWP93: England | WXF93: England | WXV93: England | WYL93: England | WZB93: England | WZR93: England | XAH93: England | XAX93: England | XBN93: England | XCD93: England | XCT93: England | XDJ93: England | XDZ93: England | XEP93: England
